Codigo,Producto (POS),Precio
15909,AQUAGLOBBY BOMBUCHAS VS COLORES X100 GL2A RIVAS,1000
7188,GLOBO  SURTIDO X 40 OFERTA,2500
04375,"GLOBO AZUL NAVAL ESTANDAR 10"" X 50 EMANUEL GLOBOLANDIA",5400
64521,GLOBO BALLON X50 DIFERENTES COLORES,3900
001125,"GLOBO COMBINADO CELESTE/BLANCO 10"" X 25 EMANUEL GLOBOLANDIA",3000
600322,GLOBO CRISTAL  X 50 GLOBOLANDIA EMANUEL,3500
50429,"GLOBO CRISTAL GLOBOX TRANSPARENTE 14"" X 50",8800
93215,GLOBO DE GLOBOLOGIA SUPER X 100,6000
00155,"GLOBO ESTANDAR AMARILLO 10"" X 50 EMANUEL",5400
01886,"GLOBO ESTANDAR AMARILLO 12"" X 25 EMANUEL",4000
00131,"GLOBO ESTANDAR AZUL 10"" X 50 EMANUEL",5400
01879,"GLOBO ESTANDAR AZUL 12"" X 25 EMANUEL",4000
04436,"GLOBO ESTANDAR BLANCO 10"" X 25 EMANUEL",3000
00100,"GLOBO ESTANDAR BLANCO 10"" X 50 EMANUEL",5400
01848,"GLOBO ESTANDAR BLANCO 12"" X 25 EMANUEL",4000
04467,"GLOBO ESTANDAR CELESTE 10"" X 25 EMANUEL",3000
000124,"GLOBO ESTANDAR CELESTE 10"" X 50 EMANUEL GLOBOLANDIA",5400
01862,"GLOBO ESTANDAR CELESTE 12"" X 25 EMANUEL",4000
04320,"GLOBO ESTANDAR GRIS 12"" X 25 EMANUEL",4000
74014,"GLOBO ESTANDAR GRIS PERLA 12"" X 50 GLOBOX",11000
04344,"GLOBO ESTANDAR LATTE CREAM 12"" X 25 EMANUEL",4000
74021,"GLOBO ESTANDAR LATTE CREAM 12"" X 50 GLOBOX",11000
01930,"GLOBO ESTANDAR LILA 12"" X 25 EMANUEL",4000
04580,"GLOBO ESTANDAR MARRON 10"" X 25 UNI EMANUEL",3000
01978,"GLOBO ESTANDAR NARANJA 12"" X 25 EMANUEL",4000
01954,"GLOBO ESTANDAR NEGRO 12"" X 25 EMANUEL",4000
01855,"GLOBO ESTANDAR ROJO 12"" X 25 EMANUEL",4000
04443,"GLOBO ESTANDAR ROSA 10"" X 25 EMANUEL",3000
00117,"GLOBO ESTANDAR ROSA 10"" X 50 EMANUEL",5400
01923,"GLOBO ESTANDAR ROSA 12"" X 25 EMANUEL",4000
01985,"GLOBO ESTANDAR ROSA CHICLE 12"" X 25 EMANUEL",4000
00049,"GLOBO ESTANDAR SURTIDO 10"" X 50 GLOBOLANDIA/EMANUEL",5500
01824,"GLOBO ESTANDAR SURTIDO 12"" X 25 EMANUEL",4000
01893,"GLOBO ESTANDAR VERDE CLARO 12"" X 25 EMANUEL",4000
01916,"GLOBO ESTANDAR VERDE MANZANA 12 "" X 25 EMANUEL",4000
04337,"GLOBO ESTANDAR VERDE OLIVA 12"" X 25 EMANUEL",4000
35018,"GLOBO ESTANDAR YEHUA BALLOONS VS COLORES 10"" X 50",6000
71378,"GLOBO ESTANDARD ARENA 12"" X 50 GLOBOX",11000
71637,"GLOBO ESTANDART CORAL FRESH 12"" X 50 GLOBOX",11000
20919,"GLOBO FIESTA LOCA AZUL PERLADO 12"" X25",3700
20896,"GLOBO FIESTA LOCA CELESTE ""PERLADO"" 12"" X25",3700
20179,"GLOBO FIESTA LOCA CRISTAL 10"" X 50",3700
20094,"GLOBO FIESTA LOCA FUCSIA 9"" X 50",4100
21692,"GLOBO FIESTA LOCA PASTEL AMARILLO 10"" X 25",3200
21661,"GLOBO FIESTA LOCA PASTEL CELESTE 10"" X 25",3200
22378,"GLOBO FIESTA LOCA PASTEL SURTIDOS 10"" X 25",3200
21708,"GLOBO FIESTA LOCA PASTEL VERDE 10"" X 25",3200
24068,"GLOBO FIESTA LOCA PASTEL VIOLETA 10"" X 25",3200
20049,"GLOBO FIESTA LOCA ROJO 9"" X 50",4100
20025,"GLOBO FIESTA LOCA ROSA 9"" X 50",4100
21883,"GLOBO FIESTA LOCA SALMON 9"" X 50",4100
20124,"GLOBO FIESTA LOCA SURTIDO 9"" X 50",4100
20100,"GLOBO FIESTA LOCA VERDE CLARO 9"" X 50",4100
20063,"GLOBO FIESTA LOCA VIOLETA/LILA 9"" X 50",4100
00247,"GLOBO FLUO SURTIDO 10"" X 50 GLOBOLANDIA/EMANUEL",5500
02098,"GLOBO MARRON 10"" X50 GLOBOLANDIA EMANUEL",5400
00223,"GLOBO NARANJA ESTANDAR 10"" X 50 EMANUEL GLOBOLANDIA",5400
04313,"GLOBO NARANJA PASTEL 12"" X 25 EMANUEL",3900
02029,"GLOBO PASTEL AMARILLO 10"" X50 GLOBOLANDIA EMANUEL",5400
01992,"GLOBO PASTEL CELESTE 10"" X50 GLOBOLANDIA EMANUEL",5400
04276,"GLOBO PASTEL CELESTE 12"" X 25 EMANUEL",3900
02067,"GLOBO PASTEL GRIS 9"" X 50 GLOBOLANDIA EMANUEL",5400
02050,"GLOBO PASTEL LILA/VIOLETA 10"" X50 GLOBOLANDIA EMANUEL",5400
02012,"GLOBO PASTEL NARANJA 10"" X50 GLOBOLANDIA EMANUEL",5400
71705,"GLOBO PASTEL PERLADO GLOBOX CELESTE 12"" X 50",11000
02005,"GLOBO PASTEL ROSA 9"" X50 GLOBOLANDIA EMANUEL",5400
02074,"GLOBO PASTEL SURTIDO 9"" X50 GLOBOLANDIA EMANUEL.",5400
602036,"GLOBO PASTEL VERDE 9"" X 50 GLOBOLANDIA EMANUEL",5400
01138,"GLOBO PERLADO AMARILLO 9"" X 50 UN. GLOBOLANDIA EMANUEL",5900
01046,"GLOBO PERLADO AZUL 9"" X 50 GLOBOLANDIA EMANUEL",5900
01008,"GLOBO PERLADO BLANCO 9"" X 50 GLOBOLANDIA EMANUEL",5900
01039,"GLOBO PERLADO CELESTE 9"" X 50 GLOBOLANDIA EMANUEL",5900
01084,"GLOBO PERLADO DORADO 9"" X 50 GLOBOLANDIA EMANUEL",5900
01183,"GLOBO PERLADO FUCSIA 9"" X 50 GLOBOLANDIA EMANUEL",5900
50238,"GLOBO PERLADO GLOBOX 12"" ROSA GOLD X50",11000
50030,"GLOBO PERLADO GLOBOX AMARILLO 12"" X 50",11000
50047,"GLOBO PERLADO GLOBOX AZUL FRANCIA 12"" X 50",11000
50214,"GLOBO PERLADO GLOBOX AZUL OSCURO 12"" X 50",11000
50016,"GLOBO PERLADO GLOBOX BLANCO 12"" X 50",11000
57008,"GLOBO PERLADO GLOBOX BLANCO 9"" X 25",5000
50023,"GLOBO PERLADO GLOBOX CELESTE 12"" X 50",11000
57015,"GLOBO PERLADO GLOBOX CELESTE 9"" X 25",5000
50153,"GLOBO PERLADO GLOBOX CHAMPAGNE 12"" X 50",11000
71811,"GLOBO PERLADO GLOBOX CREAM 12"" X 50",11000
50054,"GLOBO PERLADO GLOBOX DORADO 12"" X 50",11000
50061,"GLOBO PERLADO GLOBOX FUCSIA 12"" X 50",11000
50078,"GLOBO PERLADO GLOBOX LILA 12"" X 50",11000
50085,"GLOBO PERLADO GLOBOX NARANJA 12"" X 50",11000
57077,"GLOBO PERLADO GLOBOX NARANJA 9"" X 25",5000
50184,"GLOBO PERLADO GLOBOX NEGRO 12"" X 50",11000
57183,"GLOBO PERLADO GLOBOX NEGRO 9"" X 25",5000
57084,"GLOBO PERLADO GLOBOX PLATA 9"" X 25",5000
71781,"GLOBO PERLADO GLOBOX PLATINIUM 12"" X 50",11000
50115,"GLOBO PERLADO GLOBOX ROJO 12"" X 50",11000
57107,"GLOBO PERLADO GLOBOX ROJO 9"" X 25",5000
50108,"GLOBO PERLADO GLOBOX ROSA 12"" X 50",11000
50122,"GLOBO PERLADO GLOBOX VERDE MANZANA 12"" X 50",11000
57114,"GLOBO PERLADO GLOBOX VERDE MANZANA 9"" X 25",5000
01060,"GLOBO PERLADO LILA/VIOLETA 9"" X 50 GLOBOLANDIA EMANUEL",5900
435,"GLOBO PERLADO MARFIL 10"" X 50 GLOBOLANDIA EMANUEL",5900
01121,"GLOBO PERLADO NARANJA 9"" X 50 GLOBOLANDIA EMANUEL",5900
01091,"GLOBO PERLADO NEGRO 9"" X 50 GLOBOLANDIA EMANUEL",5900
71729,"GLOBO PERLADO PASTEL GLOBOX LILA 12"" X 50",11000
71743,"GLOBO PERLADO PASTEL GLOBOX ROSA 12"" X 50",11000
71767,"GLOBO PERLADO PASTEL GLOBOX VERDE 12"" X 50",11000
01077,"GLOBO PERLADO PLATEADO 9"" X 50 GLOBOLANDIA EMANUEL",5900
01022,"GLOBO PERLADO ROJO 9"" X 50 GLOBOLANDIA EMANUEL",5900
01015,"GLOBO PERLADO ROSA 9"" X 50 GLOBOLANDIA EMANUEL",5900
02104,"GLOBO PERLADO ROSA GOLD 10"" X50 GLOBOLANDIA EMANUEL",5900
01107,"GLOBO PERLADO SALMON 9"" GLOBOLANDIA EMANUEL",5900
01206,"GLOBO PERLADO SURTIDO MULTICOLOR 9"" X 50 GLOBOLANDIA EMANUEL",5900
01176,"GLOBO PERLADO TURQUESA 9"" X 50 GLOBOLANDIA EMANUEL",5900
01589,"GLOBO PERLADO VERDE CLARO 9"" X 50 GLOBOLANDIA EMANUEL",5900
8844,"GLOBO PERLADO VERDE MANZANA 9"" X 50 GLOBOLANDIA EMANUEL",5900
04269,"GLOBO ROSA PASTEL 12"" X 25 EMANUEL",3900
04634,"GLOBO STANDAR HUESO/BEIGE 10"" X 25 UNI EMANUEL",3000
04306,GLOBO VIOLETA PASTEL 12 PULGADAS X 25 EMANUEL,3900
6683,GLOBOLOGIA CHROME DORADO X1 (CASA LAVALLE),300
51411,GLOBOS DE GLOBOLOGIA ROSA X 12,1600
00193,"GLOBOS ESTANDAR NEGRO 10"" X 50 EMANUEL",5400
00148,"GLOBOS ESTANDAR ROJO 10"" X 50 EMANUEL",5400
01572,"GLOBOS ESTANDAR VERDE CLARO 10"" X 50 EMANUEL",5400
00056,GLOBOS FELIZ CUMPLEAÑOS Nº90 X 50 GLOBOLANDIA EMANUEL,5000
00186,GLOBOS LISOS FUCSIA Nº 70 X 50 (ARLEQUIN),4200
8611,"MEGA GLOBO LATEX *CHROMO/PERLADO* 18"" X1",1200
5107,"MEGA GLOBO LATEX *COMUN* 18"" X1",800
8068,MEGA PIÑATA GLOBO LISA,3500
1496,PIÑATA GLOBO VS MODELOS FIESTA LOCA,1600
5712,ARCO P/GLOB 10 TRAMOS DE 30CM MEGA SHOW,4500
BURBUJA50,COMBO GLOBO BURBUJA X50 BOLSA CERRADA,12500
6416,GLOB CUADRADOS METALIZADOS PARA ARMAR PANEL X 1,700
9942,"GLOB REDONDO METALIZADO 10"" X 1",300
15282,"GLOBO ""GLOBBY"" X10 FORMA CORAZON ROJO 15"" GLF09",4100
7692,"GLOBO 22"" REDONDO IRIDICENTE",2500
5616,"GLOBO 32"" 4D BOLA DE BOLICHE",1800
17447,GLOBO ARCO/HALLOWEEN/PERSONAJES/CORONA GRANDE METALIZ,2500
9694,GLOBO BABY CURSIVA,1200
19648,GLOBO BABY SHOWER CELESTE GMSETCEBS RIVAS,5200
19570,GLOBO BABY SHOWER ROSA GMSETRSBS RIVAS,5200
6528,"GLOBO BANDERA ARGENTINA 24"" X1",1600
9872,"GLOBO BURBUJA  TRANSPARENTE 18"" X1 BLINDER",500
24195,GLOBO BURBUJA TRANSPARENTE DE COLOR X 1,400
6324,GLOBO BURBUJA TRANSPARENTE DECORADA X 1,500
35087,GLOBO CHROME X 50 10 PULGADAS SOLAMENTE SOLO POR 1 COLOR NO,7900
6687,"GLOBO CHROME/CROMO X 1 SUELTO 12""",300
7158,GLOBO CON CONFETTI X 1,300
8009,GLOBO CON ESTRELLA BLINDER,250
24266,"GLOBO CORAZON 12"" LISO ROSA/ROJO/VIOLETA/CRITAL TUKY",300
8633,GLOBO CRISTAL SUELTO LISO,300
9332,GLOBO CURVE X 2 62CM ONDULADO PARA COLA SIRENA,1200
24253,"GLOBO ESFERA 60"" XL IRIDISCENTE X1 LOW COST",4500
8651,"GLOBO ESTRELLA 10/12/14 PUNTAS 27"" Y PARA UNIR",4800
3902,"GLOBO ESTRELLA 22"" 3D 14 PUNTAS",2200
24197,GLOBO FELIZ CUMPLE UNIDO DORADO X1 (JOTABE),2100
6732,GLOBO FRASE 15 AÑOS/ FELIZ CUMPLE CURSIVA,3000
54647,GLOBO FRASE FELIZ DIA,3000
8995,GLOBO FUTURA NOVIA BRIDE TO BE,4000
78917,GLOBO GLOBOLOGIA X 100,5500
9242,GLOBO MARCO PARA SELFIE 98X82CM,3000
8903,GLOBO MEGA BURBUJA GIGANTE 35CM,1400
02409,"GLOBO METALIZ/PASTEL ESTRE/CORAZ ECONOMICO LISO 18""",800
9679,"GLOBO METALIZADO 22"" ROSA PLATA DORADO BLINDER",1700
25757,"GLOBO METALIZADO 5"" 13CM ESTRELLA/CORAZON",200
12569,GLOBO METALIZADO BASTON ARGENTINA X 1 LOWCOST,1000
07018,GLOBO METALIZADO BOTELLA 98CM X1,1500
9857,GLOBO METALIZADO CARRITO NENE 82X108CM,4000
40950,GLOBO METALIZADO CUPCAKE,100
9414,GLOBO METALIZADO ESPECIAL/ RENO NAVIDAD HALLOWEEN,9500
03970,GLOBO METALIZADO ESTRELLA/CORAZON LISO Y DECORADO CHICO X 1,500
19495,GLOBO METALIZADO FELIZ NAVIDAD/AÑO NUEVO GMSETFN,7900
8275,"GLOBO METALIZADO LUNARES/BABYSHOWER 18"" X1",300
6768,GLOBO METALIZADO MEDIANO NUBE/ARCO/FLOR/TREBOL,1200
7635,"GLOBO METALIZADO NUMERO 1 METRO 40""",1300
9183,GLOBO METALIZADO NUMERO X 1,1000
9416,GLOBO METALIZADO PERSONAJE/COCHE/CORONA/SOL/DINO/CARPIMCHO,800
3967,GLOBO METALIZADO STITCH/CAMISETA/LA PUPU ABEJA MEDIANO,2000
30621,GLOBO NUDO 1.20 X 0.20 IMAGEN,900
9686,"GLOBO NUMERO METALIZADO GIGANTE ""30",1500
4182,"GLOBO PAPEL METALIZADO 18 "" OFERTA VARIOS MODELOS",600
9471,"GLOBO PAPEL METALIZADO 18"" EMOJI/PELOTA/GRANJA/CORA CALAD",1000
3899,"GLOBO PAPEL METALIZADO 32"" CORAZON",2500
6995,"GLOBO PAPEL METALIZADO 32"" PAPA NOEL",1000
3894,"GLOBO PAPEL METALIZADO 9"" PERSONAJES",150
9782,GLOBO PAPEL METALIZADO ANIMALES CHICOS Y MEDIANO,500
6996,GLOBO PAPEL METALIZADO GIGANTE BARBIE KUROMI,2800
6413,GLOBO PAPEL METALIZADO OFERTA  AMONG CALAMAR,500
831,"GLOBO PERLADO/ SURTIDOS 12"" SUELTO X UN.CIDAL",200
7666,GLOBO PIRATA/CALAVERA/SCREAM HALLOWEEN SUELTO,400
01571,"GLOBO REDONDO CHICO IRIDISCENTE 12"" X 1",1000
80127,GLOBO SACACORCHO X 40,4600
41202,GLOBO SILUETA CORAZON TE QUIERO MAMÁ X 1,2500
41189,GLOBO SILUETA NUBE TE QUIERO X 1,2500
8218,GLOBO TUKY CON LUNARES SUELTO,350
9693,GLOBO UNICORNIO CHICO,600
56964,GLOBO UNICORNIO METALIZADO MEDIANO,1500
8753,GLOBOS DE LATEX PERSONAJES PERSONAJES X 1,350
9678,GLOBOS FELIZ CUMPLE METALIZADO FRASE COMPLETA,4900
1706,"GLOBOS PERLADOS/COMUN 5"" X UN (TUKY).",150
5820,GUIRNALDA GLOBO ANIMAL/BOTELLA/BABY X1 JOTABE,1200
7503,"SET 10 GLOBOS CORAZON/ESTRELLAS 18"" SURTIDOS",4500
8205,SET DE GLOBOS X 10 PCS VARIOS COLORES,4000
81772,SET DE GLOBOS X 14 PCS VARIOS COLORES,5000
10589,SET DE GLOBOS X 30 PCS VARIOS COLORES,6800
26971,SET DE GLOBOS X 50 PCS VARIOS COLORES,13500
4553,SET DE GLOBOS X 9 PCS VARIOS COLORES,3800
27053,SET DE REVELACION BOY GIRL PIÑATA Y CONFETI,3500
15572,SET GLOBO BABY SHOWER NENA 64 PIEZAS GLKBSM RIVAS,3500
51508,SET GLOBOS X 5 VS PERSONAJES MICKEY/MINN/PAW/ARAÑA,5000
5682,SET PARA ARCO DE GLOBOS CINTA ORGANICO Y PEGAMENTOK,24800
9263,CANDEL CORONITA CON VELA LED,2500
4420,CANDEL DIAMANTE CON VELA LED X 1,2500
05219,VELON CON LUZ LED GRANDE X 1,2500
6202,VELON LED MINI CANDEL EN VASO X 1,1500
8255,VELON LED X 1,800
9311,ABANICO SELVA CHICO MARRON/OSCURO 28X20CM SH115 RITO HOME,10000
9959,ABANICO SELVA GRANDE NAT/MARRON/OSCURO 30X39 SH167 RITO HOME,15000
6655,ADORNO SEAGRASS RUEDA 60CM 2226 ENTRANCE,47000
79497,ALFOMBRA BADOHI GRIS 90X150 CM MIHSKA,190000
221551,ALFOMBRA FIBRA NATURAL RECTANGULAR 70X40CM,33000
79626,ALFOMBRA JAIPUR RAYAS BLANCAS 120X180 CM MISHKA,347000
5363,ALFOMBRA RECTANGULAR 180X90CM CET6687 CECIL`S,145000
8769,ALFOMBRA RECTANGULAR SEAGRASS 120X70 SALFREC CLAUDIA ADORNO,92000
5843,ALFOMBRA REDONDA SEAGRASS 120CM SALFRED CLAUDIA ADORNO,79000
01951,ALFOMBRA SEAGRASS LACE 150 CM ENTRANCE 2698,195000
61156,ALFOMBRA SIMIL YUTE BEIGE 160X250 CM *VASSA MISHKA,390000
8354,ALFOMBRA SOFT CHICA VISON 40X56CM SOFTCHGO CLAUDIA ADRONO,33000
6047,ALMOHADON GASA COLORES VS 50X50CM AGASA CLAUDIA ADORNO,15500
9313,ALMOHADON KIKA NATURAL 60X90CM AKIKANA CLAUDIA ADORNO,52000
8458,APLIQUE RATTAN PARA PARED,95000
42084,BANDEJA CENTRO HOJA 47CM DORA/BLANCA G120-4208/07 MANO TEXTI,18000
12777,BANDEJA CERAMICA HOJA 27X19CM 0106J98 MISHKA,22000
34063,BANDEJA DE MADERA HOJA CHICA G120-3405/4/3/6/7,9500
14110,BANDEJA DE PORCELANA BLANCA 25X16CM 4191411 D´SAZA,18000
14127,BANDEJA DE PORCELANA BLANCA 30X20CM 4191412 D´SAZA,24000
501913,BANDEJA MELAMINA CHICA LISA COLORES SURT C3388 DECOR,1800
9074,BANDEJA MELAMINA LUNARES 33X25 GRANDE DECORMESA,6000
9009,BANDEJA OVALADA AQUA MELAMINA X1 (MFC09),14900
14721,BANDEJA PORCELANA BCA. CON FLORCITAS 21X13CM 4191472 D´SAZA,11500
14714,BANDEJA PORCELANA BCA. CON FLORCITAS 26X16X2CM 4191471D´SAZA,15000
14769,BANDEJA PORCELANA BLANCA 15X26 4191476 D´SAZA,19000
14752,BANDEJA PORCELANA BLANCA 18X31 4191475 D´SAZA,26000
54678,"BANDEJA RECTANGULAR VINH 45,5X31,5 CM MISHKA",65000
88611,BANDEJA REDONDA CON TAPA SALIX WHITE 31 CM MISHKA,48000
88604,BANDEJA REDONDA CON TAPA SALIX WHITE 38 CM MISHKA,52000
6267,BANDEJA RESINA RECTANGULAR PRECUAB CLAUDIA ADORNO,41500
42116,BICI MACETERO METAL 17CM X1 4184211,13500
9326,BORLA ACRILICO ESFERA GRIS/CRUDO X1 (BORLAS CHIC),8500
8875,BORLA CAMPANITA CRISTAL HILO ALGODON  X1 (BORLAS CHIC),15000
9962,BORLA FIBRA NATURAL ALGODON X 1 BORLAS CHIC,15000
5810,BORLAS X 1,7900
6274,BOTELLON ACRILICO GDE 1.6L TAPA BLANCA ABOTEGR CLAUDIA ADO,26000
SA5378,BOTELLON STORMY CHICO SA5378 IVSA,49000
SA5377,BOTELLON STORMY GRANDE SA5377 IVSA,59000
61222,BUDINERA DE VIDRIO OBALADA BORDE CORAZON 25CM,48000
17885,CAFETERA CON EMBOLO TAPA BAMBOO 123080*VASSA MISHKA,39000
76836,CAJA CALADA SEAGRASS CHICA 36 CM RECTANGULAR ENTRANCE 2701,37000
67681,CAJA CALADA SEAGRASS GRANDE RECTANGULAR 38 CM ENTRANCE 2701,55000
9115,CAJA LUCA RECTANGULAR 3023 ENTRANCE,27000
A5353,CAJA MOIX SET X2 (353W),82000
07120,CAJA ROMA  RECTANGULAR MEDIANA 40 CM ENTRANCE 2696,56000
32061,CAJA ROMA RECTANGULAR CHICA 33 CM ENTRANCE 2696,44500
20600,CAJA ROMA RECTANGULAR GRANDE 44 CM ENTRANCE 2696,69000
36003,CALESITA MUSICAL BLANCA/ROSA/CELESTE CON LUZ,22000
9358,CAMINO DE MESA GASA CON VOLADO 150X47 CM ATREVETE,19000
6629,CAMINO DE MESA GASA CON VOLADO 2.50X45CM ATREVETE,26000
60150,CAMINO PVC NATURE NEGRO 95X33 CM MISHKA,9500
60174,CAMINO TEJIDO NATURAL 30X118 CM MISHKA,28000
60181,CAMINO TEJIDO YUTE Y NATURAL 30X120 CM MISHKA,28000
60198,CAMINO TEJIDO YUTE Y NEGRO 30X120 CM MISHKA,28000
54757,CAMPANA DE TORTA MINI BORDE CORAZON 19.5X22CM,49500
88710,CAMPANA DE VIDRIO CON PIE SALIX WHITE 25 CM MISHKA,84000
88703,CAMPANA DE VIDRIO CON PIE SALIX WHITE 35 CM MISHKA,107000
VH134L,CAMPANA DE VIDRIO ZEUS GRANDE VH134 RITO HOME,119000
VH134M,CAMPANA DE VIDRIO ZEUS MEDIANA VH134 RITO HOME,92000
32072,CANASTA ALARGADA VISON MISHKA 131045,9700
8024,CANASTA CUBO SEAGRASS 30X30X30CM SCUBO,65000
9349,CANASTA LOME CHICA NEGRO/NATURAL DUKAAN HOME,26000
32096,CANASTA REDONDA PP TRENZADA VISON MISHKA 0131047,7900
8532,CANASTA SEAGRASS BASKET NATURAL 12.5 CLAUDIA SBASKETNA,15000
8722,CANASTA SEAGRASS CUADRADA NAT 19X19 CLAUDIA (SCUADGRNA),15000
5764,CANASTA SEAGRASS MINI 19X19X9 CM SMINI CLAUDIA ADORN,21500
5026,CANASTO ABAKO GRANDE DUKAAN HOME,88000
6224,CANASTO ABAKO MEDIANO DUKAAN HOME,78000
8351,CANASTO ARCOIRIS GRIS GRANDE DUKAAN HOME,79000
72616,CANASTO BASKETS SEAGRASS CHICO X 1 POSITANO ENTRANCE 2691,18500
8010M,CANASTO BICOLOR CON ASAS 35X36CM,37500
69513S,CANASTO COLGANTE NEGRO CHICO CE69513S CECIL`S,13500
69513L,CANASTO COLGANTE NEGRO GRANDE CE69513 CECIL`S,19900
69513M,CANASTO COLGANTE NEGRO MEDIANO CE69513 CECIL`S,16900
9464,CANASTO CON MANIJA NAT SOFIA 35X25 2367 ENTRANCE,47000
79196,CANASTO CON MANIJA SEAGRASS 25CM CE70772 CECIL`S,39000
70772,CANASTO CON MANIJA SEAGRASS GRANDE 30CM CE70772 CECIL`S,49000
6441,CANASTO CON MANIJA SOFIA BLANCO 2368 ENTRANCE,47000
9561,CANASTO FIBRA NATURALES GRANDE 40X29X20CM,33000
51079,CANASTO GRANDE BASKETS SEGRASS ENTRANCE 2691,28000
78670,CANASTO GRANDE PAPER WHITE 2276 ENTRANCE,57000
14937,CANASTO MEDIANO BASKETS SEAGRASS POSITANO ENTRANCE 2691,23000
11431,CANASTO MEDIANO PAPER WHITE 2276 ENTRANCE,46000
OGRA3CH,CANASTO ORGANIZADOR SEAGRASS CHICOS X 3 OGRA3CH KOOK,43000
5583,CANASTO OVAL CHICO VINH 0503135 MISHKA,32000
54593,CANASTO OVAL GRANDE VINH 36X27  CM MISHKA,48000
7854,CANASTO OVAL MEDIANO VINH 0503135 MISHKA,39000
32757,CANASTO OVALADO MANIJA DE HIERRO MEDIANO X 1 2175,25000
24554,CANASTO OVALDO MANIJA HIERRO GRANDE X 1 2175,30000
69029,CANASTO PARA ROPA GRANDE PAPER WHITE 2276 ENTRANCE,118000
34119,CANASTO PARA ROPA MEDIANO PAPER WHITE 2276 ENTRANCE,96000
7606,CANASTO PIEMONTE CHICO,59000
8873,CANASTO PIEMONTE GRANDE,89000
7610,CANASTO PIEMONTE MEDIANO,75000
3983S,CANASTO RECT SEAGRASS CHICO CON DETALLE NEGRO 2693 ENTRANCE,54000
3983L,CANASTO RECT SEAGRASS GRANDE CON DETALLE NEGRO 2693 ENTRANCE,79900
3983M,CANASTO RECT SEAGRASS MEDIANO CON DETALLE NEGRO 2693 ENTRANC,69000
08691,CANASTO REDONDO GRANDE MANIJA DE HIERRO X 1 ART 2179,30000
71787,CANASTO REDONDO MANIJA HIERRO MEDIANO X 1 ART 2179,25000
3076,CANASTO SEAGRAS CHICO RECTANGULAR X 1 25 X 15 ART 2475,27000
8871L,CANASTO SEAGRASS COLGANTE GRANDE CE69533 CECIL`S,22000
8871M,CANASTO SEAGRASS COLGANTE MEDIANO CE69533 CECIL`S,18500
3668,CANASTO SEAGRASS GRANDE 37 X 27  ART 2475,40000
3666,CANASTO SEAGRASS MEDIANO X 1 29 X 19 ART 2475,30000
3883,CANASTO SEAGRASS MEDIANO X 1 33 X 23 ART 2475,37000
5958,CANASTO TEJIDO SEAGRAS MEDIANO CON MANIJA X 1,37000
6833,CANASTO VENETO GRANDE,119000
70728,CANDEL DECO DORADO CON SOGA 12X12CM UPB5666 CECIL`S,38000
70742,CANDEL DECO DORADO CON SOGA 14X16CM UPB5667 CECIL`S,52000
70735,CANDEL DECO PLATA CON SOGA 12X12CM UPB5666 CECIL`S,38000
70759,CANDEL DECO PLATA CON SOGA 14X16CM UPB5667 CEIL`S,52000
70698,CANDEL DECO PLATA CON SOGA 8X10CM UPB5662 CECIL`S,23000
A546,CANDEL PORTAVELA VIDRIO ORO 8X5CM A546 JUNKO,7500
38576,CANDEL PORTAVELA VIDRIO REDONDO G120-3888 GOLDA,5500
52415,CANDEL/CENICERO CORONA DE VIDRIO,4500
E104S,CANDELABRO DE VIDRIO 38CM E104S JUNKO,28000
70605,CANDELABRO DE VIDRIO CON PIE DORADO 9X25 UPB5647 CECIL`S,51000
70629,CANDELABRO DE VIDRIO CON PIE DORADO 9X30 UPB5648 CECIL`S,54000
31500,CANDELABRO PORTAVELA DE VIDRIO 5CM 3150,5000
31572,CANDELABRO PORTAVELA DE VIDRIO 6CM 3157,12000
31605,CANDELABRO PORTAVELA DE VIDRIO 7CM 3160,9500
44952,CANDELABRO PORTAVELA DE VIDRIO G120-4495 GOLDA,3500
45418,CANDELABRO PORTAVELA DE VIDRIO G120-4541 GOLDA,4500
45449,CANDELABRO PORTAVELA DE VIDRIO G120-4544 GOLDA,6500
44969,CANDELABRO PORTAVELA DE VIDRIO X 1 G120-4496 GOLDA,6500
E102W,CANDELABRO VIDRIO BLANCO 26CM E102W JUNKO,22000
80213,CARRITO ORGANIZADOR 3 CESTOS BLANCO 37X25CM 108021 D´SAZA,56500
55316,CENTRO DE MESA DALAT 30X13 CM MISHKA,23500
33356,CENTRO DE MESA MADERA REDONDA CHICA BLA/DOR/PLA/NEG,16000
33523,CENTRO DE MESA MADERA REDONDA GRANDE BLA/DOR/PLA/NEG,25000
33509,CENTRO DE MESA MADERA REDONDA MEDIANA BLA/DOR/PLA/NG,19500
33226,CENTRO DE MESA MADERAREDONDA MINI BLA/DOR/PLA/NEG,8500
32634,CENTRO DE MESA RECT MANIJA HIERRO CHICO 2176 ENTRANCE,42000
72753,CENTRO DE MESA RECT MANIJA HIERRO MEDIANO 2176 ENTRANCE,52000
81811,CENTRO MESA MADERA DISEÑO HOJA 31*28CM X1 4208181,18000
6444,CENTRO NOVIA NATURAL CHICO MER0268,55000
6443,CENTRO NOVIA NATURAL MEDIANO MER0268,65000
5238,CENTRO PAUL GRANDE X 1,58000
9396,CEPILLO ACERO INOXIDABLE 17X15 CM CLAUDIA ADORNO,8000
59659,CESTO DE BASURA ACERO ROMBOS GREY 12 L 0131134 MISHKA,63000
9927,CESTO FIBRA NATURAL GRANDE 30X21CM ART2061 ENTRANCE,39500
9147,CESTO FIBRA NATURAL MEDIANO 25X18CM ART2061 ENTRANCE,32500
5907,CESTO JACINTO MANIJA DE CUERO GRANDE X 1 2349 ENTRANCE,58000
9071,CESTO LAVANDERIA DE BAMBOO CHICO 50X30X40 2528 ENTRANCE,56000
4217,CESTO LAVANDERIA DE BAMBOO GRANDE 40X30X60 2526 ENTRANCE,64000
5213,CESTO ORGANIZADOR PAPER BLANCO CHICO 2462 ENTRANCE,21000
5034,CESTO ORGANIZADOR PAPER BLANCO MEDIANO 2462 ENTRANCE,30500
5111,COLGANTE MACRAME 3 ESFERAS CRUDO/NEGRO BORLAS CHIC,16500
72668,COPA CANDEL DORADO ROJO X 3 NA54018 CECIL`S,135000
9766,COPETINERO VIDRIO LABRADO BORDE DORADO X 1 BORLA CHIC,6600
8978,CORDON PORTA LAMPARA X 1,2000
8037,CRISTAL DISP. SHAMPOO CONICO 400ML ACONICOD,20900
65038,CRYSTAL CENTRO HOJA PLATEADO 30X4CM UP20578 CECIL`S,29500
10007,CUADRO CIRCULAR 40X50CM 901000 D`SAZA,69000
CREDGR,CUENCO GRANDE DE CEMENTO SIMIL TRONCO CREDGR KOOK,38000
6659,DISPENSER ABS KITCHEN BLANCO/NEGRO 15X7X13CM DISPKITBL/NE,34000
5479,DISPENSER CERAMICA BEIGE/GRIS RUBBER SOFT RSOFTD CLAUDIA,27000
7925,DISPENSER CRISTAL ACRILICO 310ML ACRISD,23000
00491,DISPENSER DE JABON TAPA COLOR BA4061,7500
9323,DISPENSER JABON REDON RESINA ROJA PREMIUM PREROD CLAUDIA ADO,22000
5799,DISPENSER KITCHEN RECTO 400ML KITBL/KITNE CLAUDIA,29000
PRECUAD,DISPENSER RESINA PRECUAD CLAUDIA ADORNO,31500
50519,ESPEJO BLANCO BORDES PLATEADOS 25CM VGO EP7499,4500
5334,ESPEJO CHICO SOL DORADO UP10174,42000
26079,ESPEJO CON LUZ LED EP17030,11500
6841,ESPEJO FRESIA NEGROL DUKAAN HOME,65000
71077,ESPEJO JAZMIN SEAGRASS 55CM ART2242 ENTRANCE,79000
59174,ESPEJO MEDIANO SOL PLATA UP20273,97000
50274,ESPEJO RECTANGULAR PLATEADO/CUADRO X 1 EP7122,14000
57258,ESPEJO REDONDO 22 CM DIAMETRO PLATA/DORADO NOEP61260,2800
62054,ESPEJO REDONDO BORDE TRIANGULOS EP1445,32000
66705,ESPEJO REDONDO NEGRO CON TIRA CHICO EP23404B,32000
KA1075,FANAL CIRCULOS CHICO KA1075 IVSA,11300
KA1074,FANAL CIRCULOS GRANDE KA1074 IVSA,14900
68299,FANAL CON METAL 31X23CM UP20160 CECIL`S,79000
68282,FANAL CON METAL 34X27CM UP20161 CECIL`S,96000
A2342,FANAL DAN L PACK X1 (3342W),62000
68336,FANAL DE FIBRA 23 X 25CM UP22003 CECIL´S,58000
73521,FANAL DE SEAGRASS CON VASO 17X17X21 CM 2272 ENTRANCE,43000
A538,FANAL DE VIDRIO ORO 10.2 X 7CM A538 JUNKO,8500
T315P,FANAL DE VIDRIO PLATEADO 8CM T315P JUNKO,5900
68312,FANAL FIBRA 32 X 34.5 CM X1 (UP22001) CECIL´S,105000
KA1035,FANAL GEO PLATEADO KA1035 IVSA,7900
E2424,FANAL LEON M MEDIANO DUKAAN HOME,59500
E1424,FANAL LEON S CHICO DUKAAN HOME,39500
KA891,FANAL MINI OPACO TIZA X1 IVSA,1900
KA897,FANAL MINI REDONDO CON ALAMBRE,1900
KA1036,FANAL ONDAS PLATEADO KA1036 IVSA,7800
KA902,FANAL PLATEADO CON MOSTACILLA KA902 IVSA,11000
8400,FANAL SIGUENZA COLOR DORADO 1 (19SC357-1D),12000
KA722,FANAL TALLADO MANCHAS DORADO KA722 IVSA,17700
KA268,FANAL VIDRIO CORONA GRANDE KA268,16000
7292,FAROL BLANCO CON PLATEADO CHICO 34CM UPW0383 CECIL`S,72000
4224,FAROL BLANCO CON PLATEADO CHICO 40CM UPW0005 CECIL`S,99000
77053,FAROL CON VELA X 1 24 CM  ROSA/VERDE/NEGRO/TURQUEZA/UVA,17500
9012,FAROL MADERA CHICO 34CM UPW0383 CECIL,69500
9169,FAROL MADERA MEDIANO 53.5CM UPW0383 CECIL`S,95000
8096,FLORERO BALI BLACK 27X6 2617 ENTRANCE,52000
4037,FLORERO BALI CLEAR 27X6 2614 ENTRANCE,52000
4215,FLORERO BK DOT 16X6 2607 ENTRANCE,64000
9896,FLORERO BOMBE CHICO 11.5X13 VBOMBECH CLAUDIA,24000
5540,FLORERO BOMBE GRANDE 12 VBOMBEGR/15H50  CLAUDIA,44000
9721,FLORERO BOMBE MEDIANO CLAUDIA 13X15 VBOMBEME CLAUDIA,27000
ZFLES,FLORERO BOTELLLON VIDRIO VS COLORES ZFLE KOOK,13000
FRAYA14,FLORERO CERAMICA RAYAS D14 X H13 CM,26000
FRAY18,FLORERO CERAMICA RAYAS H18 16X18 CM,29000
7858,FLORERO CILINDRO 10X15CM VCIL10CH,15000
5476,FLORERO CILINDRO CHICO 12 X 25CM VCIL12CH CLAUDIA ADORNO,21000
7859,FLORERO CILINDRO GRANDE 10X45 CM VCIL10GR CLAUDIA,29000
5478,FLORERO CILINDRO GRANDE 12 X 35CM VCIL12GR CLAUDIA ADORNO,23000
8588,FLORERO CILINDRO GRANDE 15 X 45 VCIL15GR CLAUDIA,43000
5653,FLORERO CILINDRO MEDIANO 10X25 CM VCIL10ME CLAUDIA,20000
4311,FLORERO CILINDRO MEDIANO 12X25 CLAUDIA,21000
9203,FLORERO CLINDRO CHICO 15X40CM VCIL15CH CLAUDIA ADORNO,40000
38676,FLORERO CONICO CHICO 9.5X17 VCONICH,15000
8678,FLORERO CONICO GRANDE 16.5 X 35 CM VCONIGR,43500
ZCOR,FLORERO CORTEZA 7CM ZCOR7 KOOK,11500
7291,FLORERO CRISTAL ACRILICO  AFLORERO CLAUDIA,16000
67753,FLORERO CUADRADO BUKIT 20X8 CM MISHKA,43000
67746,"FLORERO CUADRADO BUKIT 25,5X8 CM MISHKA",49900
FEMB15,FLORERO DE CEMENTO BAJO X1 FEMB15(KOOK),18500
ZF20,FLORERO DE VIDRIO CLASICO AMBAR/AZUL/VERDE/CHAM ZF20 KOOK,19000
ZCUR,FLORERO DE VIDRIO VS COLORES ZCUR KOOK,14500
ZCOBA,FLORERO DIFUSOR CONICO BAJO ZCOBA KOOK,7000
68718,FLORERO DORADO/PLATEADO 12X11CM MC222XS CECIL`S,18500
68725,FLORERO DORADO/PLATEADO 15.5X13CM MC222-S CECIL`S,26000
ZESPI,FLORERO ESPIGAS CHAMP/GRIS ZESPI KOOK,17500
ZGLO,FLORERO GLOBO ZGLO KOOK,13500
FABS19,FLORERO H19 ABSTRACTO KOOK,28000
5831,FLORERO HARMONY 20CM 2573 ENTRANCE,69000
6846,FLORERO HARMONY RECTO 2579 ENTRANCE,53000
8742,FLORERO HORNERO 11 X 14CM VHORNERO CLAUDIA ADORNOS,26500
7028,FLORERO HUSO GRANDE 14X32CM CLAUDIA (VHUSOGR),42500
4339,FLORERO ICONIC BLACK 20X8 2622 ENTRANCE,36000
FMAABS25,FLORERO MACETA H25 ABSTRACTO KOOK,39000
5250,FLORERO MACETA TRONCO MEDIANO X 1 CTROME,32000
64772,FLORERO MARRON 8.5X7CM MC275XS CECIL´S,7500
69081,FLORERO MULTICOLOR 12X11.5CM MC3341M CECIL´S,10500
69098,FLORERO MULTICOLOR 9X8.5CM MC3341S CECIL´S,8500
ZFLOLA24,FLORERO OLAS GRANDE 24CM ZFLOLA24 KOOK,22000
6101,FLORERO PECERA 20X17.5 VPECERA CLAUDIA,20500
FPIN11,FLORERO PINCELADAS FPIN11 KOOK,12000
FGLAPOR,FLORERO PORTAUTENSILIOS GLAZE FGLAPOR KOOK,22000
ZFLTR,FLORERO TRAZOS CHICO ZFLTRCH KOOK,7500
9528,FLORERO VIDRIO CLASICO CHICO 14X20CM CLAUDIA VCLASCH,24000
9902,FLORERO VIDRIO CLASICO GRANDE 14X25 CM X 1 CLAUDIA VCLASGR,28000
8397,FLORERO VIDRIO CONICO 15X28 CM (VCONICO),22000
9529,FLORERO VIDRIO GARRAFA 13X26CM VGARRA CLAUDIA,31500
9136,FLORERO VIDRIO GOOD 16 X 25 CM CLAUDIA ADORNO VGOOD,24000
9189,FLORERO VIDRIO HUSO CHICO 11 X 18.5 CM VHUSOCH CLAUDIA,16000
8051,FLORERO VIDRIO HUSO MEDIANO 12X26 CM VHUSOME,25500
6429,FLORERO VIDRIO TINA 12X17 CM VTINA,16000
9531,FLORERO VIDRIO TRAPECIO CHICO 11X12CM CLAUDIA (VTRAPECH),16000
9283,FLORERO VIDRIO TULIPA CHICO 15 X 30CM VTULIPACH CLAUDIA ADO,27000
4228,FLORERO VIDRIO TULIPA GRANDE 15 X 40CM VTULIPAGR CLAUDIA ADO,45000
5166,FLORERO VOLCAN 9 X 20CM VVOLCAN CLAUDIA ADORNOS,24500
8482,FLORES DE LIENZO GRANDE CON TALLO X 1,3000
J402,FRISO DECORATIVO 107CM J402 JUNKO,245000
J220,FRISO DECORATIVO 134CM J220,342000
J420,FRISO DECORATIVO 43CM J420 JUNKO,82000
J406,FRISO DECORATIVO 50CM J406 JUNKO,78000
J446,FRISO DECORATIVO 50CM J446 JUNKO,105000
J405,FRISO DECORATIVO 61CM J405 JUNKO,67000
J409,FRISO DECORATIVO 69CM J409 JUNKO,152000
J234,FRISO DECORATIVO 75CM JUNKO,82000
J401,FRISO DECORATIVO 80CM 4 J401,235000
J416,FRISO DECORATIVO 87CM J416 JUNKO,158000
J432,FRISO DECORATIVO 90CM J432 JUNKO,145000
J433,FRISO DECORATIVO 90CM J433 JUNKO,145000
J400,FRISO DECORATIVO 90CM JUNKO,160000
J219,FRISO DECORATIVO 92CM J219 JUNKO,145000
J510,FRISO FLOR 67 CM J510 JUNKO,86500
5996,HIERO CANASTA BASKET BLANCO/NEGRO 16 X 6 HBASKETBL/NE CLAUDI,26000
6575,HOJA CANADA MADERA XL X1 ESTILO DOMINGO 3183,5000
9459,HOJA MONSTERA/BANANO OXIDO X 1,5000
7441,IDENTIFICADORES DE COPA X6 SURTIDOS (BORLAS CHIC),1500
07208,IMAN LECHUZA/ANIMALES X 1,600
WINCTY,INDIVIDUAL DE GRASS TYPHA WINCTY KOOK,5600
9859,INDIVIDUAL ECOCUERO FLORES X 1 KOOK RECTANGULAR/REDONDO,6900
7779,INDIVIDUAL ECOCUERO REDONDO/RECTANGULAR X 1 38 CM LISO,4100
21474,INDIVIDUAL FIBRA X 6 MANO TEXTIL,32000
91892,INDIVIDUAL HOJA HORN SEAGRASS X 1,29000
37084,INDIVIDUAL KATMANDU CENTRO GRIS CLARO 38 CM MISHKA,7500
37077,INDIVIDUAL KATMANDU CENTRO GRIS OSCURO 38CM MISHKA,7500
37282,INDIVIDUAL LOVEK ENTRELAZADO CON GRIS OSCURO 38 CM MISHKA,8500
36865,INDIVIDUAL POIPET 38CM X1 MISHKA 0504020,6900
12081,INDIVIDUAL PVC DOR/PLAT. CUADRADO/RECTANGULAR X1,4900
16546,INDIVIDUAL PVC REDONDO DORADO 38 CM 0525110 MISHKA,4900
25227,INDIVIDUAL PVC REDONDO PLATEADO 38CM 0115332 MISHKA,4900
60082,INDIVIDUAL PVC TRIBAL GRIS ROSADO X 6 38CM MISHKA,21500
9675,INDIVIDUAL REVERSIBLE JASPEADO TRENZA 30X43CM PUIN CLAUDIA,8000
9837,INDIVIDUAL SEAGRASS REDONDO 40CM SINDINE,11000
6395,INDIVIDUAL X 1 FIBRA BEIGE/GRIS,5500
6419,JABON LADY JAZMIN JALADY CLAUDIA,2700
8272,JABONERA CRISTAL ACRILICO ACRISJ CLAUDIA ADORNO,13000
9157,JABONERA RESINA ROJA PREMIUM REDON PREROJ CLAUDIA ADORNO,16000
133774,JARRON VIDRIO 11X24X13,32500
133580,JARRON VIDRIO BOTELLA FUME 7.5X30X12,52500
133348,JARRON VIDRIO FUME 10X26X16,47500
9122,JAULA METAL REDONDA BLANCA  MEDIANA,16000
6815,LAMPARA COLGANTE 34 X 18 CM NATURAL UPR7718 CECIL,42000
43142,LAMPARA COLGANTE 41 X 24CM NATURAL UPR7719 CECIL,69000
80932,LAMPARA COLGANTE ELENA BAMBOO 60CM 2629 ENTRANCE,105000
69074,LAMPARA COLGANTE ELENA BAMBOO 80CM 2628 ENTRANCE,120000
89454,LAMPARA COLGANTE JUANA CILINDRO CH 24X28CM 2637 ENTRANCE,60000
52465,LAMPARA COLGANTE JUANA CILINDRO GR 19X41CM 2638 ENTRANCE,80000
PH445,LAMPARA DE MESA ECLIPSE NATURAL RATTAN PH445 RITO HOME,280000
9816,LAMPARA SUBE Y BAJA LINO 1304L,75000
60211,LAMPARA VELADOR RECARGABLE,18000
49129,LAMPARITA VELADOR A PILAS FL1039,19000
TF77109,MAC ETA CERAMICA RAYADA 11.5X12.5CM TF-77109 TODO FLOR,16000
T339,MACETA 15CM 1 16 T339 JUNKO,10900
T316P,MACETA 17CM T316 JUNKO,32000
MACE2,"MACETA CEMENTO SUCULENTA 2,10 X 47 CM CLAUDIA ADORNO",32000
TF77115,MACETA CERAMICA RAYADA 12X11CM TF-77115 TODO FLOR,16000
TF77106,MACETA CERAMICA RAYADA 14X12CM TF-77106 TODO FLOR,19000
28495,MACETA CUADRADA GRANDE X1 MZG,11000
64802,MACETA DE CEMENTO GRIS CON BLANCO CHICA MC02916 CECIL`S,11500
28105,MACETA GRANDE NARANJA/FLAMINGO REDONDA Y CUADRADA,900
74955,MACETA PERLA 27.5 X 25CM CALIZA RTP0001 CECIL`S,36000
28303,MACETA REDONDA CHICA CON PLATO MZC,8000
128341,MACETA REDONDA GRANDE CON PLATO MZG,19000
RTR0002,MACETA ROMA RIZADO 25X45CM RTR0002 CECIL`S,67000
RTR0003,MACETA ROMA RIZADO 30X56 RTR0003 CECIL,102000
66233,MACETA VITE CILINDRICA 33X34CM RTV0002 CECIL`S,72000
66301,MACETA VITE CILINDRICA CALIZA 39X39CM RTV0003 CECIL`S,99000
66158,MACETA VITE CILINDRICA GRIS 24X24CM RTV0000 CECIL`S,30000
66196,MACETA VITE CILINDRICA GRIS 29X29CM RTV0001 CECIL`S,52000
66349,MACETA VITE MORTERO 20.5X40CM RTV0004 CECIL`S,29500
966356,MACETA VITE MORTERO GRIS 28.5X55CM RTV0005 CECIL`S,59000
11438,MACETERO PLASTICO CON PLATO CHICO 201143 D´SAZA,4200
11414,MACETERO PLASTICO CON PLATO GRANDE 201141 D´SAZA,5800
9525,MANTEL ECOCUERO CIRCULAR SIMIL LINO/TEJIDO GRUESO 1.40MTS KO,33000
9411,"MANTEL ECOCUERO ESTAMPADO 1,40 X 1,80 MT X 1 KOOK",42000
9282,MANTEL ECOCUERO ESTAMPADO 1.40 X 2.40 MT X 1 KOOK,54000
9979,MANTEL ECOCUERO ESTAMPADO 1.40 X 3.00MTR KOOK,68000
9112,MANTEL ECOCUERO LISO 1.40 X 3.00 MTS KOOK,36000
5830,MANTEL ECOCUERO LISO 1.40 X 3.50 MTS KOOK,40000
5842,MANTEL ECOCUERO SIMIL LINO/TEJIDO GRUESO 1.40 X 1.40MTS KOOK,24000
5998,MANTEL ECOCUERO SIMIL LINO/TEJIDO GRUESO 1.40 X 1.60MTS KOOK,26000
9432,MANTEL ECOCUERO SIMIL LINO/TEJIDO GRUESO 1.40 X 1.80MTS KOOK,29000
4074,MANTEL ECOCUERO SIMIL LINO/TEJIDO GRUESO 1.40 X 2.00MTS KOOK,35000
8443,MANTEL ECOCUERO SIMIL LINO/TEJIDO GRUESO 1.40 X 2.40MTS KOOK,39000
8444,MANTEL ECOCUERO SIMIL LINO/TEJIDO GRUESO 1.40 X 3.00MTR KOOK,48000
8445,MANTEL ECOCUERO SIMIL LINO/TEJIDO GRUESO 1.40 X 3.50MTS KOOK,55000
9138,MANTEL ECOCUERO SIMIL LINO/TEJIDO GRUESO 1.80 X 1.80MTS KOOK,42000
PMFLOR,MANTEQUERA PORCELANA FLOR X1 (KOOK),12500
12106,MINI PALM X7 38CM 02539 CECIL´S,13800
9829,ORGANIZADDOR ALUMINIO RECT 2 ESTANTES ALORECNE2 CLAUDIA,130000
37534,ORGANIZADOR 2 DIVIONES HANOI X1 MISHKA 123,22000
9389,ORGANIZADOR ALUMINIO PERCHA 2 ESTANTE (ALPERECNA),117000
6001,ORGANIZADOR BANDEJA RECTANGULAR OSER3 KOOK,32000
01997,ORGANIZADOR COCINA PIZARRA X 1,6000
OG3CUACH,ORGANIZADOR DE GRASS SET X 3 CUADRADO CHICO OG3CUACH KOOK,36000
OG3CUAGR,ORGANIZADOR DE GRASS SET X 3 CUADRADO GRANDE OG3CUAGR KOOK,69000
OG3RECT,ORGANIZADOR DE GRASS SET X 3 RECTANGULAR OG3RECT KOOK,31000
OG3RED,ORGANIZADOR DE GRASS SET X 3 REDONDO OG3RED KOOK,33000
OP2RECT,ORGANIZADOR DE PALMA SET X 2 RECTANGULARES OP2RECT KOOK,28000
OP3RECT,ORGANIZADOR DE PALMA SET X 3 CUADRADO OP3RECT KOOK,40000
OP2RED,ORGANIZADOR DE PALMA SET X 3 REDONDOS OP2RED KOOK,48000
OY3RED,ORGANIZADOR DE YUTE SET X 3 REDONDO OY3RED KOOK,72000
4028,ORGANIZADOR FIBRA NATURAL GRANDE ORRECT GRANDE KOOK,46000
5385,ORGANIZADOR FIBRA NATURAL MEDIANO ORRECT KOOK,39000
6674,ORGANIZADOR SERVILLETERO  RECTANGULAR OSER3,22000
28521,PANERA 22X16X10 RECTANGULAR JACINTO ART2089 ENTRANCE,18500
27975,PANERA OVALADA 22X16X10 JACINTO ART2090 ENTRANCE,18000
4199,PANTALLA METAL ROXETE FUNGI 5604 5605,15000
10324,PAPELERO LATA 22 X 26 CM,188
9926,PERCHERO DE CERAMICA VS MODELOS PCCS3/1,8500
5966,PERCHERO DE HIERRO Y CIRCULOS 3241 ESTILO DOMINGO,32000
56115,PIE DE TORTA CON RAYAS 28X11 CM 0402014 MISHKA,57000
56108,PIE DE TORTA CUADRADO CON RAYAS 25X11 CM MISHKA,58000
56085,PIE DE TORTA CUADRADO CON RAYAS Y GUARDA 25X11 CM MISHKA,56000
56139,PIE DE TORTA NATURE 28X11 CM 402016 MISHKA,57000
4058,PLATO DE SITIO ATREVETE LIMONES TROPICAL FRUTILLA X 24,15000
73532,PLATO DE SITIO BLANCO/GRIS CON DORADO MISHKA 0525097 |98|99|,12500
6305,PLATO DE SITIO DE PAPEL X24-30 UNID REDONDO/CUADRADO,12000
32676,PLATO GIRATORIO 25CM VIDRIO CON BASE METAL,20000
32690,PLATO GIRATORIO 30CM VIDRIO CON BASE METAL,23000
32706,PLATO PARA TORTA 30CM GIRATORIA DE VIDRIO,19000
6548,PLATO RATAN CANDI 70CM,155000
7297,PLATO RATTAN STAR 70CM,155000
10824,PLATO Y TAZA LINEA LUXE 250CC 106D85,18000
24260,PLATOS DE SITIO X 10 ALPARAMIS/BORLAS CHIC,8000
7783,PORTA LAMPARA ESTRELLA DE VIDRIO X 1,45000
J245-L,PORTA MACETA CHAPA GRANDE GRIS C/PIE X1,72000
CE02047,PORTA MACETA COLGANTE X1 MT. CE02047 CECIL´S,26000
9838,PORTA MACETA MADERA 33 X 42 CM AF2035 MDK,2500
J572L,PORTA MACETA METAL GRANDE  29CM JUNKO,69000
J58-L,PORTA MACETA NEGRO GRANDE J58 JUNKO,58000
65348,PORTA MASAS 2 PISOS VIDRIO REDONDO SOPORTE METAL,25000
E77S,PORTA VELA 16 CM E77S JUNKO,19900
E74W,PORTA VELA DE VIDRIO 8CM E74W JUNKO,12500
E110W,PORTAVELA DE VIDRIO 15 CM E110W,19500
E77W,PORTAVELA DE VIDRIO 16CM X 1 E77W JUNKO,20500
E124W,PORTAVELA DE VIDRIO 17 CM E124W,27500
A514,PORTAVELA DE VIDRIO AMBAR X 1 A514 JUNKO,12500
38935,PORTAVELA DE VIDRIO FLOR MANDALA G120-3839 GOLDA,6000
A501,PORTAVELA DE VIDRIO ORO X 1 A501 JUNKO,6900
A503,PORTAVELA DE VIDRIO ORO X 1 A503 JUNKO,13500
A518,PORTAVELA DE VIDRIO ORO X 1 A518 JUNKO,15500
A520,PORTAVELA DE VIDRIO ORO X 1 A520 JUNKO,8500
A524,PORTAVELA DE VIDRIO ORO X 1 A524 JUNKO,19500
A535,PORTAVELA DE VIDRIO ORO X 1 A535 JUNKO,10500
A548,PORTAVELA DE VIDRIO ORO X 1 A548 JUNKO,8500
A550,PORTAVELA DE VIDRIO ORO X 1 A550 JUNKO,9500
A508,PORTAVELA DE VIDRIO PLATA X 1 A508 JUNKO,5500
A521,PORTAVELA DE VIDRIO PLATA X 1 A521 JUNKO,8500
YU439,PORTAVELA TRAMADO CIRCULOS NEGRO DORADO NO:YU439 STASSDECO,4500
E120C,PORTAVELA VIDRIO 10 CM,15500
E76W,PORTAVELA VIDRIO 12 CM,16500
E121W,PORTAVELA VIDRIO 17 CM E121W,29000
VPORAM,PORTAVELA VIDRIO PUNTOS AMBAR X1 (KOOK),8500
VPORGR,PORTAVELA VIDRIO PUNTOS GRIS X1 (KOOK),8500
VPOR,PORTAVELA VIDRIO PUNTOS TRANSP X1 (KOOK),7500
60768,POSA CAUPCAKE 2 PISOS METAL CON GUARDA X 1 ART 1809,3800
39139,"POSA MASA DE VIDRIOCON 3 NIVELES(15,20 Y 25 CM APROX)",3500
31215,POSA TORTA CAMPANA DE ACRILICO 30X29 103121 D´SAZA,68000
31208,POSA TORTA CAMPANA DE ACRILICO 30X30X5 103120 D´SAZA,68000
30942,POSA TORTA LATA 24CM BLANCO 103094 D`SAZA,36000
30966,POSA TORTA LATA 30CM BLANCO  103096 D`SAZA,56000
30959,POSA TORTA LATA BLANCO 27CM  103095 D`SAZA,44000
9592,POSA VASO ECOCUERO X 12 KOOK,3800
6427,PUERTERO BORLA,7500
8415,PUF PELUDO MARRON  X 1 CLAUDIA ADORNO,120000
TH84NA,PUFF NENUFAR NATURAL 45X45X25CM TH84 RITO HOME,170000
SH438,PUFF REPOSO SEAGRASS 50X25CM SH438 RITO HOME,170000
36451,PUFF SEAGRASS CLAUDIA,125000
83094,PUFF SEAGRASS CUADRADO 40X40 ENTRANCE,195000
5498,PUFF SEAGRASS CUADRADO 80X80X20 CLAUDIA ADORNO SCOCUAGR,180000
131370,RELOJ BORDE METAL DORADO MAPA FONDO NEGRO 30CM BADECO,55000
L143,RELOJ JUNKO 50X50X3.5 L143,65000
MT1705-1718,RELOJ MADERA 50 CM PINTADO,12000
151128,RELOJ METAL DORADO MAPA FONDO BLANCO 31CM BADECO,52000
151323,RELOJ METAL MADERA NUMERO CALADO 30CM,63000
36209,RELOJ REDONDO BROOKLIN BLACK & WHITE X1 MISHKA,37000
6027,REPASADORES DE COCINA SET X 2 RAF KOOK,14000
043030,SERVILLATERO BANGOKAK BLANCO 22X22 CM X1 MISHKA,16500
8899,SERVILLETA DORADA/PLATA LABRADA/LUNAR 33X33 X20 CLAUDIA,6300
7309,SERVILLETA PAPEL AIRLAN LISA/SOÑAR X 18,12000
6626,SERVILLETA PAPEL ARABESCO 25X25 GRIS/GOLD X20 CLAUDIA,4900
8278,SERVILLETA PAPEL ARABESCO CHICA BLANCA DOTS X20  25 X 25,3600
8279,SERVILLETA PAPEL DOTS X 20 33X33 CLAUDIA ADORNO,4500
8314,SERVILLETA PAPEL MUSHROOMS HONGOS 33X33 X 20 SMUSH CLAUDIA,6000
5358,SERVILLETA PORTA CUBIERTO AIRLAN X 12 SO8AC6,12000
34846,SERVILLETAS ALPARAMIS 25X25CM X20,2000
32695,SERVILLETERO CHAPA CON ROSAS BCO/NEGRO C4017B,1200
7759,SERVILLETERO CUADRADO CON SUJETADOR ACRIL ASERV CLAUDIA ADOR,29000
OSERCUA,SERVILLETERO CUADRADO OSERCUA KOOK,23000
8081,SERVILLETERO DE HIERRO BLANCO/NEGRO 20X17.5X9.5CM HSERV CLAU,29000
8682,SERVILLETERO JACINTO 18X18X7CM 2118 ENTRANCE,18500
83001,SERVILLETERO SEAGRASS 18X18X6 ART2261 ENTRANCE,19900
54623,SERVILLETERO VINH 18X18 CM MISHKA 0503157,27000
55552,SERVILLETERO VINH NATURAL 18X18CM  X1,27000
40582,SET 2 VELAS A PILAS 4058,19000
07092,SET CUCHILLOS ASADO X 4,10500
47243,SET DE 2 BANDEJAS CUADRADAS DE SEAGRASS CON NEGRO MISHKA,69900
47236,SET DE 2 BANDEJAS RECTANGULARES DE SEAGRASS CON NEGRO MISHKA,79900
47335,SET DE 2 BANDEJAS REDONDAS DE SEAGRASS CON BLANCO 40X7/35X7M,74000
35760,SET DE BAÑO DISPENSER Y AROMATIZADOR AMBAR 3576,24000
35753,SET DE BAÑO DISPENSER Y AROMATIZADOR NEGRO 3575,24000
5161,SET X 2 CAJAS AMST JACINTO CUADRADA 2601 ENTRANCE,42000
54692,SET X 2 CANASTOS ALARGADOS VINH 44X16/36X16CM MISHKA,42500
88574,SET X 3 BANDEJAS OVALADAS SALIX WHITE MISHKA,95000
9072,SET X 3 CAJA PAPER JUANA NAT 2561 ENTRANCE,82000
9947,SET X 3 CENTRO JACINTO 2478 ENTRANCE,82000
24426,SET X 3 ESPEJOS BLANCO OCTOGONAL EP16686,17500
21579,SET X 3 ESPEJOS OVALADO BLANCO EP10025 VERTIGO,17500
85368,SET X 3 ESPEJOS REDONDO EP23717,12000
22026,SET X 3 ESPEJOS REDONDO NEGRO EP00270,18500
20077,SET X 3 ESPEJOS REDONDOS BLANCO CON DORADO EP26267,17500
98139,SET X 3 MESAS DE ARRIME MASAMBA 27X41/38X50/49X61CM MISHKA,950000
5473,SET X 3 PORTAMACETA PALM CON MANIJA 2726 ENTRANCE,58000
6270,SET X 3 PORTAMACETA PALM SIN MANIJA 2727 ENTRANCE,59000
51394,SET X3 ESPEJOS CUADRADO SUPERPUESTO BLANCO/NEGRO (EP12603),17500
23078,SET X4 ESPEJO PLATEADO GIRASOL EP46185,22000
11562,"SET X5 JARRA + 4 VASOS ML AMBAR/GREY (HE16,HE15)",24900
C312,TIRA CAMPANAS 65CM C312 JUNKO,52000
C311,TIRA CORAZON DE METAL DORADO 20CM C311 JUNKO,18000
C310,TIRA CORAZON DE METAL PLATA 20CM C310 JUNKO,17500
C341,TIRA DE CAMPANAS 20CM C341 JUNKO,23000
C314,TIRA DE CAMPANAS 52CM C314 JUNKO,38000
57401,TIRA DE ESTRELLA COM POMPONES Y BROCHE POM001,3500
8803,TIRADOR MUEBLE GRANDE DE CERAMICA,2500
09343,TRABA PUERTAS DSTOPNA CALUDIA,23500
5910,VARA DE BAMBOO RAYUNG,27000
9335,VARA RATTAN CURVA BEN0004,32000
70319,VASO CON TAPA DOMO CON SORBETE 450ML 507031 D´SAZA,17500
32233,VELA ANILLOS EN PVC 8CM BLANCA BEIGE 3223,9500
6159,VELA DE SOJA MANDALA 2231 ESTILO DOMINGO,6500
6158,VELA DE SOJA PLUMA 2232 ESTILO DOMINGO,6500
KVLED22,VELA LED DE CERA BLANCA X2 KVLED22 KOOK,32000
KVLEDGR10,VELA LED DE CERA GRIS KVLEDGR10 KOOK,15800
IV006,VELON LED 10 006 IVORY M DUKAAN HOME,48000
IV008,VELON LED BALL8 008 IVORY M DUKAAN HOME,22000
02365,VELON PARAFINA LED 7.5X10 FNV1420,10000
02815,VELON PARAFINA LED 7.5X10 FNV1423,11000
02211,VELON PARAFINA LED CON PORTAVELA DE VIDRIO FNV1415,19000
9986,BANQUETA MASTER GREY X 1 DE PVC,85000
8256,BIBLIOTECA 1 PUERTA NICO,120000
9642,BIBLIOTECA BLANCA PROVENZAL 80CM ARTISTICA GALILEO,150000
8349,CAJONERA 5 CAJONES KIARA KI-52,260000
9664,COMODA 3 CAJONES NICO,170000
9482,MESA AUXILIAR 3 CAJONES 1723,75000
9542,MESA DE LUZ 1 CAJON X 1 UNID. NICO,65000
8347,MESA MARCE BLANCA/NEGRA 50X51CM MMARC CLAUDIA ADORNO,290000
9485,MESA RATONA REDONDA GRANDE NICO X 1,42000
8097,PERCHERO WHITE HC-02 WHITE,120000
7626,SILLA CLOUD NEGRA/BEIGE CON RUEDAS FM833 INTERMOBILI,290000
7298,SOFA RATTAN 120CM,380000
9425,VAJILLERO BAJO DOS PUERTAS NICO,180000
15357,ACEITERA DE VIDRIO TIPO IBIZA CON TAPA,8400
31426,ACEITERA RAYADA CHICAGO BLACK 155ML 0502033 MISHKA,3800
7356,ACEITERA VINAGRERA CHICA ACRILICO AACEITECH,16000
40107,AZUCARECA CONICA LISA CHICAGO X1 MISHKA 0435003,5500
15384,AZUCARERA ACRILICO OVAL ROJA C3339R DECORMESA,7500
69009,"AZUCARERA BIDART 8,5X8 CM *VASSA MISHKA",13000
31358,AZUCARERA CONICA LISA CHICAGO BLACK,5500
15123,AZUCARERA DE PORCELANA BLANCA CON CUCHARA 101512 D`SAZA,9500
9817,AZUCARERA/DULCERA ACRILICO CRISTAL CHICA X 1 CLAUDIA AAZUCAR,11500
11381,BANDEJA ACACIA RECT 3 DIVISIONES 0113884 MISHKA,22000
17769,BANDEJA DE PORCELANA CUADRADA 19X19X2 101776 D´SAZA,18000
17776,BANDEJA DE PORCELANA CUADRADA 25X25X2CM 101777 D´SAZA,28000
12784,BANDEJA DE PORCELANA HOJA 30X21 CM MISHKA,21000
17806,BANDEJA DE PORCELANA RECTANGULAR 30X18X2CM 101780 D´SAZA,24000
17813,BANDEJA DE PORCELANA RECTANGULAR 36X21X2CM 101781 D´SAZA,35000
70234,BANDEJA OVAL SANTA CRUZ 25X18 CM MISHKA,26000
43092,BANDEJA PLANA RECTANGULAR BANGKOK WHITE 52 X 29 X 5 CM MISHK,13000
14707,BANDEJA PORCELANA BLANCA 14X25 4191470 D`SAZA,16500
14691,BANDEJA PORCELANA BLANCA 17X30 4191469 D`SAZA,22000
14011,BANDEJA PORCELANA C/MANIJA 29X17CM X1 4191401 D`SAZA,25000
12746,BANDEJA PORCELANA HOJA BLANCO 35X15CM 0106J95 MISHKA,24000
17721,BANDEJA PORCELANA OVALADA 30X22X2CM 101772 D´SAZA,24000
61669,BOTELLA ALUMINIO DEPORTIVA MOSCU VISON 750 ML MISHKA,13800
65117,BOTELLA CONICA DE ACRILICO TAIPEI 1000 ML MISHKA,30500
65186,BOTELLA CONICA DE ACRILICO TAIPEI PETROLEO 1000 ML MISHKA,30500
65162,BOTELLA DE ACRILICO CON RELIEVE TAIPEI PETROLEO 1000 ML,30500
65148,BOTELLA DE ACRILICO FACETADA TAIPEI PETROLEO 1000 ML MISHKA,30500
00015,BOTELLA DE AGUA DAKAR 750ML,6500
26002,BOWL ACRILICO MELBOURNE 15X7CM 0506031 MISHKA,4500
32423,BOWL AMAN GRANITE REDONDO 9 X 5CM 0511085,1500
17387,BOWL CORAZON DE PORCELANA 101738 D`SAZA,2800
54005,BOWL CUADRADO DE ACRILICO GALATA TRANSPARENTE 400 ML MISHKA,5000
17429,BOWL CUADRADO DE ACRILICO OLIVE RAYAS 400 ML MISHKA,3900
52711,BOWL CUADRADO FERAY 14CM X1 MISHKA,9500
58522,BOWL DE ACRILICO BARI 540 ML MISHKA,8500
58591,BOWL DE ACRILICO VALLARTA 700 ML MISHKA,5000
12616,BOWL DE PORCELANA CARRARA 20X17CM X1 MISHKA,7500
52742,BOWL FERAY 15CM X1 MISHKA,8900
58941,BOWL OVAL DE ACRILICO OLIVE 550 ML MISHKA,5500
17214,BOWL OVAL DE ACRILICO OLIVE RAYAS 550 ML MISHKA,4400
13170,BOWL PORCELANA BLANCA HOJA 19X14CM 0106K03 MISHKA,16500
43276,BOWL TRAMA MARGARITA 12X7.5CM 0511404 MISHKA,9500
34502,CAFETERA CON EMBOLO CREMA BAMBOO 800 ML MISHKA,51000
67048,CAJA DE TE 3 CAVIDADES 24X8X6CM 4196704 D´SAZA,26000
67024,CAJA DE TE 4 CAVIDADES 16X16X6CM 4196702 D´SAZA,28000
60833,CAJA DE TE 6 DIVISIONES TAPA CELESTE 106083 D´SAZA,28000
60826,CAJA DE TE 6 DIVISIONES TAPA METAL BLANCA 106082 D`SAZA,28000
54081,CAMPANA PARA TORTA ACRILICO CON 2 ESPATULAS 0506140 MISHKA,47000
32140,CANASTA RECTANGULAR TRENZADO VISON CLARO MISHKA,6900
8283,CARAMELERA MEDIANA 11X25 POTICHE KIEVGR,11500
8384,CARAMELERA POTICHE GALES ROSE  8.5 X 29  GALESCH,21000
00033,CENICERO DE VIDRIO BLINKMAX G120-2875 GOLDA,3900
40013,CENICERO DE VIDRIO LIVING HOME X 1 G120-2876 GOLDA,3800
88789,CESTO DE BASURA 3L MIHSKA,48000
88741,CESTO DE BASURA CUADRADO 3 L MISHKA,59000
88826,CESTO DE BASURA REDONDO 12 L MISHKA,94000
42965,CESTO OVAL BANGKOK WHITE 37 X 18 X 8.5 CM MISHKA,18000
97282,COPA CHAMPAGNE GRECIA X 4 2211 ENTRANCE,42000
908020,COPA DE VIDRIO LABRADA X6,26000
9092,COPA DE VIDRIO RAYAS TRANSPARENTE X 6 BORDE DORADO BORLA CHI,35000
5987,COPA DE VIDRIO RAYAS TRANSPARENTE X 6 BORLAS CHIC,36000
35734,COPA DE VINO GRECIA X 4 2185 ENTRANCE,43000
8891,COPA IBIZA SET X 6 2281 ENTRANCE,28000
5838,COPETINERO VIDRIO LABRADO GRIS/AMBAR X 1 BORLA CHIC,6300
8492,CUCHARA DE BRONCE/COBRE X1,1200
90073,CUCHARA DE TE DORADA ACERO INOX X 6,6800
8592,CUCHARA LARGA CUCURUCHO CLAUDIA ADORNOS,2800
8491,CUCHARA LARGA DORADA CON FRUTAS X 6,11600
9958,CUCHARA MANGO ANIMALES X 6 12C30,12500
89939,CUCHARA PARA HELADO CON MANGO DE MADERA DE ACACIA MISHKA,9200
90360,CUCHARA PARA HELADO PLASTICO 18CM X1,3000
14252,CUCHARA SPAGHETTI DE PLASTICO BEIGE 0101873 MISHKA,5200
23339,CUCHARA SPAGHETTI NYLON NEGRO Y MANGO DE MADERA MISHKA 886,4500
7935,CUCHARAS DE ACERO INOX DORADAS X5 CLAUDIA ADORNO C2CUCHAM,9500
023322,CUCHARON DE NYLON NEGRO Y MANGO DE MADERA MISHKA,4500
16052,DECO FUENTE 21*21*5CM X1 101605 D`SAZA,19900
55965,DIP RECTANGULAR TERRAZO GRIS 14X10 X1 (MISHKA)0511757,2500
41760,DISPENSER DE VIDRIO C/ TAPA Y MALLA DE MIMBRE 4L MISHKA,28000
45472,DULCERA BLACK 10 X 12 ENTRANCE 2426,8900
02921,DULCERA CHICA AMBAR 10 X 12 ENTRANCE 2427,8900
33489,DULCERA CHICA NEGRA G120-3484 MANO TEXTIL,10500
6140,DULCERA GRANDE FUME AMBAR 18 X 10 2431 ENTRANCE,10600
96901,DULCERA MEDIANA AMBAR 14 X 8 CM ENTRANCE 2434 DIAMOND,10500
34863,DULCERA MEDIANA NEGRO G120-3486 MANO TEXTIL,12500
54036,ENSALADERA CON CUBIERTOS DE ACRILICO GLA GLAS TRANS 3300ML,20500
54029,ENSALADERA CON CUBIERTOS DE ACRILICO SQUARE TRANSP 3300ML,19000
17283,ENSALADERA CUADRADA DE ACRILICO OLIVE RAYAS 3350 ML MISHKA,15000
58539,ENSALADERA DE ACRILICO BARI 3800 ML MISHKA,49000
58607,ENSALADERA DE ACRILICO VALLARTA 4500 ML MISHKA,19000
17078,ENSALADERA OVAL DE ACRÍLICO OLIVE RAYAS 3300 ML MISHKA,15000
76533,ESCURRIDOR DE PLATOS CON PORTA UTENSILIOS 2 PISOS CM MISHKA,147000
76595,ESCURRIDOR DE PLATOS CON PORTA UTENSILIOS 45X31CM MISHKA,52500
89354,ESCURRIDOR SECAPLATO PLASTICO ECO,23000
40138,ESPECIERO CON PANZA CHICAGO GOLDEN 0504059 MISHKA,3000
24744,ESPECIERO DE VIDRIO FUNDA ACERO X1 0504069,4900
40121,ESPECIERO RECTO CHICAGO GOLDEN MINK 340ML 0504058 MISHKA,3200
91385,ESPONJA SILICONA REDONDA X 1,300
23308,ESPUMADERA DE NYLON NEGRO Y MANGO DE MADERA,5200
22561,ESPUMADERA DE NYLON Y PLASTICO 0101884 MISHKA,5200
14269,ESPUMADERA DE PLASTICO BEIGE MANGO METAL 0101874 MISHKA,5200
52780,FRAPERA METAL CREAM CON ASAS MISHKA,22000
31273,"FRASCO CHICAGO CON VISOR BLACK 10X12,5CM MISHKA",6500
31266,FRASCO CHICAGO CON VISOR BLACK 10X18CM MISHKA,7500
31235,"FRASCO CHICAGO CON VISOR BLACK 8,5X15,5CM MISHKA",6900
31228,"FRASCO CHICAGO CON VISOR BLACK 8,5X21CM",6900
18585,"FRASCO LINEA NEW YORK DORADA 7X10,4CM 0117A69 MISHKA",1300
70258,"FUENTE OVAL SANTA CRUZ 27X14,5 CM MISHKA",21500
16069,FUENTE PORCELANA CUADRADA 25X25CM 101606 D`SAZA,29000
98612,HIELERA C/PINZA ACRILICO TRANSPARENTE X1,15000
91499,HIELERA CON MANIJA 1600 ML MISHKA,32000
91482,HIELERA CON MANIJA 1800 ML MISHKA,26000
60617,HIELERA DE VIDRIO CON MANIJA DE CUERO MISHKA,26500
58584,JARRA ACRILICO CON TAPA MISHKA 0506150,44800
31218,JARRA CON VASO IBIZA/CAPRI 2723/2724 ENTRANCE,25000
53961,JARRA DE ACRILICO GALATA TRANSPARENTE 1500 ML MISHKA,25800
65230,JARRA DE ACRILICO TAIPEI PETROLEO 2000 ML MISHKA,49900
VFLMA,JARRA DE AGUA DE NOCHE CON TAPA- MARRUECOS- KOOK,32000
12040,JARRA DE NOCHE CON VASO 600ML BORLA CHIC,7200
9863,JARRA DE VIDRIO LABRADA GRIS/AMBAR BORLA CHIC,33000
74095,JARRA DE VIDRIO SUNFLOWER 22X13CM 1L X1 IBIZA,28000
68408,JARRA KINGDOM FUME 1500 ML 528162 MISHKA,27500
68194,JARRA LABRADA CUELLO LARGO SUN FLOR MISHKA,25000
48943,JARRA MERSIN GRIS FONDO ESMERILADO MISHKA,25000
9768,JARRA MIKONOS AMBLAR/CLEAR CON TAPA 1723 ENTRANCE,16800
92052,JARRA ROMB 1100 ML MISHKA,26000
92106,JARRA STRIPES AMBAR 1100 ML MISHKA/BORLA CHIC,28000
68156,JARRA SUNFLOWER 1000 ML MISHKA IBIZA,28000
65100,JARRA Y VASO DE NOCHE DE ACRILICO TAIPEI 1200 ML MISHKA,35500
65179,JARRA Y VASO DE NOCHE DE ACRILICO TAIPEI PETROLEO 1200 ML,35500
15496,JARRITO CLEAR CAPRI FACETADO X 6 350 ML,20000
000017,JARRITO VIDRIO RECTO C/MANIJA 250CC X1,1000
58720,JARRO MUG DRAPE 200 ML MISHKA,15000
58737,JARRO MUG LUXE 340 ML MISHKA,15000
52896,LATA CUADRADA ACANALADA GRIS CAFE-TÉ X1 MISHKA 0117C86,12500
52018,LATA CUADRADA TAPA BAMBOO CAFE-TÉ X1 MISHKA 0117C84,12500
52971,LATA OVALADA ACANALADA GRIS X1 MISHKA,32000
26056,LECHERA BLUE DREAM ART658 ENTRANCE,18500
F003,LECHERA/JUGUERA DELATTE GRIS KOOK F003,8000
118080,MANTEQUERA CON BASE DE BAMBOO 16X15 CM MIHKA,32500
85856,MATE DE ACERO INOXIDABLE GRIS 250 ML MISHKA,46000
25309,"MINI CAMPANA DE TORTA 12X12,5 CM MISHKA",17000
32744,MORTERO DE PLASTICO GRIS GRANITE 10X9CM MISHKA,6500
32751,MORTERO PLASTICO GRIS GRANITE 10X10CM MISHKA,6500
64332,MUG ALTO DAAN 450 ML *VASSA MISHKA,17000
64356,MUG ALTO FINN 450 ML *VASSA MISHKA,17000
64349,MUG ALTO NOAH 450 ML *VASSA MISHKA,17000
64295,MUG BAJO DAAN 400 ML *VASSA MISHKA,16000
64318,MUG BAJO FINN 400 ML *VASSA MISHKA,16000
64301,MUG BAJO NOAH 400 ML *VASSA MISHKA,16000
64325,MUG BAJO TYGO 400 ML *VASSA MISHKA,16000
12224,MUG DISEÑO MARGARITA 340CC 0106E42 MISHKA,11000
11866,MUG JARRITO SURTIDO 101186 D`SAZA,8900
83487,MUG MASAYA 270 ML MISHKA,10000
11811,MUG MILK/VACA X1,9800
64967,MUG NILS GREEN 350 ML MISHKA,6000
64974,MUG OLSON GREEN 220 ML MISHKA,7000
57525,MUG PORCELANA CORAZON VISON 310ML 0510324 MISHKA,8800
27665,MUG TRAMADO GRIS DEGRADÉ 300 ML MUSHKA,6900
85303,ORGANIZADOR ARTICULOS DE LIMPIEZA PARA COLGAR,2500
10031,PAÑOS DE MICROFIBRA X 4 30X30CM AMELE,6000
56160,PIE DE TORTA CON RAYAS 32X11CM 0402019 MISHKA,68000
68200,PIE DE TORTA DE VIDRIO SUNFLOWER 30X10 CM MISHKA,46000
56177,PIE DE TORTA NATURE 32X11CM 0402020 MISHKA,65000
56092,PIE DE TORTA REDONDO CON GUARDA 28X11CM 0402012 MISHKA,57000
56146,PIE DE TORTA REDONDO CON GUARDA 32X11CM 0402017 MISHKA,68000
56153,PIE DE TORTA REDONDO CON GUARDA 32X16CM 0402018 MISHKA,68000
47618,"PLATO DE POSTRE RHYTHM GREY 21,5 CM MISHKA",12500
91882,PLATO OVAL PORCELANA BLANCA ENCADENADO 35.8X26 CM MISHKA,25000
91875,PLATO OVAL PORCELANA BLANCA ENCADENADO 40.5X29.7 CM MISHKA,28000
91851,PLATO OVAL PORCELANA BLANCA ESPIGADO 35.8X25.5 CM MISHKA,25000
91844,PLATO OVAL PORCELANA BLANCA ESPIGADO 40.5X29.5 CM MISHKA,28000
47601,"PLATO PLAYO RHYTHM GREY 27,5 CM MISHKA",17500
5245,POSA MASA DOS PISOS DE VIDRIO LABRADO BORLAS CHIC,47500
6691,POSA MASA TRES PISOS DE VIDRIO LABRADO BORLAS CHIC,57000
00215,SARTEN ALUMINIO MANGO ACERO 22CM 0119532 MISHKA,27000
8023,SECAPLATOS ALMINIO BANDEJA/CUBIERTO SECAALU3,79000
5539,SECAPLATOS ALUMINIO CHICO NAT 56X24X8 ALSECCHNA CLAUDIA ADO,84000
02877,SECAPLATOS BRASS OXIDE NEGRO 48 X38 X12 CM MISHKA,35000
53134,SECAPLATOS DE ALUMINIO HOME CONCEPT 22311W,67000
5096,SERVILLETA RECTANGULAR 30X40 KOOK X 20,6900
63350,SERVILLETERO BAR RETRO 92506W,9800
07926,SET AZUCARERA Y LECHERA PORCELANA BASE BAMBOO (MISHKA),39000
71650,SET BANDEJAS DE DESAYUNO MADERA X 3 BP321,47000
7775,SET COPAS X 6 VIDRIO VERDE/AZUL BORLAS CHIC,38000
5103,SET CUBIERTOS 16PCS NEGRO/ROSE/DORADO/PLATA ENTRANCE,42000
9907,SET CUCHARAS REFORZADO PLATEADO X 6,8500
37565,SET DE 2 BANDEJAS REDONDAS HANOI 31X11 / 25X8CM MISHKA,26000
7741,SET DE BAÑO 4 PIEZAS,22000
65049,SET DE CUBIERTOS DE ACRILICO BUBBLE 30 CM MISHKA,11000
74713,"SET DE CUBIERTOS PARA ENSALADA ACERO INOXIDABLE 28,5 CM CONK",32000
73778,SET DE CUBIERTOS TOSCANA WHITE X 24 PIEZAS MISHKA,95000
58903,SET DE ENSALADERA CUADRADA CON CUBIERTOS OLIVE 3.35L MISHKA,21000
54784,SET DE TAZA Y PLATO GREY Y MARRON 200 ML X 1 MISHKA,9800
54814,SET DE TAZA Y PLATO GRIS Y ARENA X 1 MISHKA,9800
6010,SET JARRITO CAFE IBIZA AMBAR/BLACK ENTRANCE,26000
58123,SET JARRITO CAFE IBIZA TRANSPARENTE 2798 ENTRANCE,22000
67298,SET JARRO DE VIDRIO FUME BLACK X 6 ART 2442 ENTRANCE,27000
33925,SET SAL/PIMIENTA Y PALILLERO ESTRELLAS (MISHKA)0502015,11000
33901,SET SAL/PIMIENTA Y PALILLERO RECTO (MISHKA)0502013,10500
05090,SET VASO SQUARE CLEAR 320ML X 6 ART2307 ENTRANCE,22000
18608,SET X 2 MUGS LINES 300 ML MISHKA,16500
27559,SET X 4 ESPECIEROS POSIC EN RACK DE METAL 0108210 MISHKA,19000
18547,SET X 4 MUGS ROMBS 300 ML MISHKA,32000
83845,SET X 5 OLLAS DE ALUMINIO GRANITE PEARL MISHKA,230000
54443,SET X 6 COPAS DE CHAMPAGNE KINGDOM FUME,39000
53732,SET X 6 COPAS DE VIDRIO KINGDOM FUME/AMBAR 300 ML 28083 MIS,39900
53725,SET X 6 COPAS DE VIDRIO KINGDOM FUME/AMBAR 360 ML 28082 MISH,39900
21281,SET X 6 CUCHARAS DE ACERO DORADO DISEÑO FLOR 18CM MISHKA,12000
21311,SET X 6 CUCHARAS DE ACERO DORADO DISEÑO OVAL 13CM MISHKA,14500
21267,SET X 6 CUCHARAS DE ACERO DORADO DISEÑO PALA 17CM MISHKA,14500
21021,SET X 6 CUCHARAS LISBOA DE ACERO DORADO 20 CM MISHKA,8000
29034,SET X 6 CUCHARAS MILKSHAKE DE ACERO DORADO STEM 19 CM MISHKA,14500
38043,SET X 6 TAZA Y PLATO DE CAFÉ ACAPULCO BLACK BORDE DORADO,35000
43801,SET X 6 VASOS BAJOS COLOR CHAMPAGNE DIAMANTE 250 ML,21000
46376,SET X4 TAZAS PORCELANA NEGRA PLATO BAMBOO MISHKA,39000
27542,SET X6 ESPECIEROS EN RACK DE METAL 0108209(MISHKA),27000
46352,SET X6 TAZAS PORCELANA BLANCA PLATO BAMBOO MISHKA,75000
46383,SET X6 TAZAS PORCELANA NEGRA PLATO BAMBOO MISHKA,68000
39187,TABLA DE LAJA DELICATESSEN 33X13CM (MISHKA),15900
65445,TABLA RECTANGULAR DE MADERA ESMALTADA SAHA 40X25 CM MISHKA,39900
65438,TABLA REDONDA DE MADERA ESMALTADA SAHA 32 CM MISHKA,37000
76441,TABLA REDONDA DE MARMOL 25 CM MISHKA,28500
76434,TABLA REDONDA DE MARMOL CON MANGO 30X22CM MISHKA,28500
08341,TAZA CON PLATO TRAMA MARGARITA 0106A26 MISHKA,17500
07957,TAZA DE PORCELANA BLANCA CON PLATO DE BAMBOO 150ML MISHKA,15000
39019,TAZA DE PORCELANA NEGRA CON PLATO DE BAMBOO 150ML MISHKA,15000
53015,TAZA NEPAL CREMA Y VISON 445ML MISHKA  0510252,12800
15963,TAZA PORCELANA BLANCA 101596 D`SAZA,7900
16373,TAZA PORCELANA BLANCA 12X12X8 101637 D`SAZA,7800
37954,TAZA Y PLATO DE CAFÉ MONTERREY BORDE BORADO X 6 100 ML MISHK,47000
10763,TAZA Y PLATO DRAPE 120 ML MIHSKA,13500
10756,TAZA Y PLATO DRAPE 180 ML MISHKA,14000
50724,TAZA Y PLATO EFESO CREAM 165 ML X 6 MISHKA,52000
35790,TAZA Y PLATO LUXE X 6 90 ML MUSHKA,77000
47632,TAZA Y PLATO RHYTHM GREY 250 ML X 1 MISHKA,14500
17868,TAZAS DE PORCELANA BLANCA CON PLATO X 6 101786 D´SAZA,74000
8799,TENEDOR JARRA X 1 CLAUDIA ADORNOS,500
49384,TERMO ACERO INOXIDABLE GRIS 750ML 0137040 MISHKA,39000
53626,TETERA DE VIDRIO CON INFUSOR Y TAPA DE ACERO 800 ML MISHKA,29000
48868,TETERA RECTA DE VIDRIO CON FILTRO PETIT MAISON 580 ML MISHKA,39900
99367,TORTERA DE VIDRIO LABRADA GRIS 27CM X 12CM BORLAS CHIC,52000
99350,TORTERA DE VIDRIO LABRADA GRIS/AMBAR 33CM X 13CM BORLAS CHIC,76000
10322,VASO BOSTON BAJO CLEAR X 6 1235 ENTRANCE,18000
9704,VASO CAFE DOBLE VIDRIO X 6 80ML 2414 ENTRANCE,33500
6013,VASO CAFE STARBUCKS FULL X 1,4000
97794,VASO DE AGUA IBIZA BAJO AMBARA 2995 ENTRANCE,22000
5919,VASO DE AGUA IBIZA BLACK/AMBAR X 6 2405 ENTRANCES,29000
25828,VASO DE AGUA IBIZA SET X 6 2279 ENTANCE,26000
8257,VASO DE CAFE DOBLE VIDRIO MEDIANO 250ML X 1 2415 ENTRANCE,7900
4076,VASO DE VIDRIO RAYAS BLACK/AMBAR X 6 BORLA CHIC,39000
8861,VASO DE VIDRIO RAYAS BORDE DORADO TRANSPARENTE X 6 BORLA CHI,35000
9057,VASO DE VIDRIO RAYAS TRANSPARENTE X 6 BORLAS CHIC,32000
8315,VASO ECO CON SORBETE FULL NEGRO/PASTEL MEDIANO 500CC,3500
8979,VASO GEO PASTEL CON TAPA CAFE Y SORBETE 500CC,1200
5729,VASO GRECIA VIDRIO TAPA CON SORBETE 2977 ENTRANCE,9800
62116,VASO LARGO COLOR CON SORBETE X 1,19000
92645,VASO LARGO DE VIDRIO GRECIA X 4 2304 ENTRANCE,39600
62123,VASO LARGO METALIZADO CON SORBETE X 1,24900
16144,VASO LARGO TAPA CON SORBETE ECONOMICO X 1,6500
6912,VASO MINI CON SORBETE COLOR PASTEL,2500
6293,VASO PASTEL XL CON SORBETE X 1,4000
20260,WOK MANGO MADERA 34CM MISHKA,35000
09036,AGLAONEMA PLANT NAT 90CM VR09036 CECIL`S,122000
70677,ALFOMBRA DE PASTO/CESPED 40 X60 GRANDE X 1,9400
9695,ALFOMBRA PASTO/CESPED ESPECIAL 40 X 60 GRANDE X 1,32000
22412,ALSTROMERIA X 5 5 CM FL 22412 CECIL,5800
10592,"ARBUSTO BOXWOOD BALL 14"" VR40/14 CECIL",55000
78793,ARBUSTO BOXWOOD BALL 23CM VR40/09 CECIL´S,20500
10615,"ARBUSTO CHITO 15CM ""ARMADO"" CECIL´S",7500
20243,ARBUSTO COLGANTE DE POTOS 1.10MTS VR20243 CECIL`S,49000
55320,ARBUSTO DE HELECHO BOSTON 56CM VR55320 CECIL`S,59000
70124,ARBUSTO DE HELECHO DE ENCAJE VRH0131 CECIL`S,23500
8656,ARBUSTO HELECHO VR37715 CECIL`S,4900
9105,ARBUSTO HIERVAS FINAS VR21511,4500
VR40008,ARECA PLANT 60CM VR40008,65000
02422,AROMO BUSH X 9 42CM FL02422,9500
TF-54162,ATADO DE EUCALIPTUS 34CM TF-54162 TODO FLOR,9600
TF-76002,ATADO DE PEONIAS X 6 30CM TF-76002 TODO FLOR,23000
RM24134,AUREUMM SPRAY X92CM RM24134 CECIL,18500
FL01241,AZALEA MIX BUSH X 7 28CM FL01241 CECIL´S,6500
63881,BEGONIA BUSH UV X 7 40CM VR16031 CECIL´S,26000
22424,BOJES MIX BUSH X 33 CM 22424 CECIL,4600
36585,BOUQUET 30CM COLORES SURTIDOS G120-3658,5900
36592,BOUQUET CON HOJAS 35CM G120-3659,6000
24924,BOUQUET DE FLORES 30CM G120-2492,8000
74903,BOUQUET DE PIMPOLLO Y MARGARITA FL11911 DELIFLOR,6500
74897,BOUQUET DE PIMPOLLOS FL11910 DELIFLOR,6500
7073,BOUQUET MINI ROSAS 29CM FL01242 CECIL`S,7000
81045,CAIDA DE GIPSO 95CM TF-58105 TODO FLOR,22000
TF-46163,CAIDA DE HELECHO 70CM TF-46163 TODO FLOR,16000
TF-75002,CAIDA DE HOJAS CHICAS HIEDRA VERDE TF-75002 TODO FLOR,10500
53741,CAIDA DE HOJAS COLGANTE 1.45MT VR53741 CECIL`S,46000
TF-75044,CAIDA DE HOJAS POTHUS 90CM TF-75044 TODO FLOR,16500
22418,CAIDA DOLAR 73 CM 22418 CECIL,12000
VR52790,CAIDA IVY HANGING BUSH 1.30MTS VR52790 CECIL`S,60000
70087,CALATHEA NAT 40CM VRVR09203 CECIL`S,43000
59099,CALATHEA VITTATA BUSH 45CM VR04720 CECIL`S,24000
8764,CAÑA DE BAMBOO 1.70MT C5560 CECIL`S,13500
9742,CAÑA DE BAMBOO 2.4MTS 00C5561 CECIL`S,22000
37741,CARNATION BUSH X5 29CM CECIL´S,6000
77178,CHERRY BLOSSOM TREE X 1.5MT AR02760 CECIL´S,181000
08833,COLEUS BUSH X 7 46CM VR08833 CECIL´S,39000
09176,DIEFENBACHIA BUSH NAT 30CM VR09176 CECIL`S,49000
90560,DRACENA MINI TOUCH 87CM VR90560 CECIL`S,139000
VR36036,DRACENA TREE 91 CM VR36036,106000
80215,DRACENA TREE X 8 1.20MT AR20224 CECIL`S,139000
78748,ENGLISH IVY 38 CM VR25141,13500
78762,ENGLISH IVY CAIDA 86CM VR25372 CECIL`S,28000
78755,ENGLISH IVY GARLD 1.83MT VR25168 CECIL`S,13500
59518,ENGLISH IVY NAT X13X303LV X89CM VR63303,65000
09900,FICUS CAIDA X 5 85CM VR09900 CECIL`S,37000
7972,FICUS ELECTRONICO 1.20MTS AR25042 CECIL`S,89000
AR00003,FICUS X18 1.80MT AR00003 CECIL`S,146000
08991,FIDDLE LEAF X 4 90CM VR08991 CECIL`S,145000
70865,GARDENIA PICK 32CM FS28891 CECIL`S,14500
TF-20052,GUIA CON MUSGO 1.35MT TF-20052 TODO FLOR,55000
72725,GUIA DE HOJAS CHICAS/GRANDE X4 D11397 DELIFLOR,12000
TF-54118,GUIA DE LAVANDAS 1.90MTS,18000
FA651,GUIA EUCALIPTUS 180CM FA651 JUNKO,18000
TF-20053,GUIA LIANA CON MUSGO 1.30MT TF-20053 TODO FLOR,45000
FA625,GUIRNALDA DE HOJAS 170CM FA625 JUNKO,13500
FA634,GUIRNALDA DE HOJAS 190CM FA634 JUNKO,33500
FA298,GUIRNALDA EUCALIPTO 190CM (FA298),14500
FA649,GUIRNALDA HOJAS 180CM FA649,16500
9614,GYPSOPHILA SPRAY 69.5CM FS025HG CECIL`S,8500
22430,HELECHO MIX X 7 X 37CM 22430 CECIL,4500
VR41821,HELECHO NIDO DE PAJARO 21LV 60CM VR41821 CECIL`S,98000
70025,HELECHO NIDO DE PAJARO CON MACETA X 20 54CM VR08978 CECIL´S,89000
FA103,HOJA 70CM FA103 JUNKO,2900
TF-02272,HOJA ALOCASIA 47CM X1 TODOFLOR,1800
TF-02275,HOJA ALOCASIA 49CM TF-02275 TODO FLOR,1500
42197,HOJA DE BANANA LEAF 1MT RM11390 CECIL`S,14300
TF-03419,HOJA DE BANANO 105CM TF-03419 TODO FLOR,20000
37722,HOJA DE PALMERA 90CM RM37722 CECIL`S,8200
TF-02168,HOJA MONSTERA 60CM TF-02168 TODO FLOR,5500
G120-1926,HOJA MONSTERA CHICA 35CM G120-1926,1000
G120-1927,HOJA MONSTERA CHICA G120-1927,1500
G120-1924,HOJA MONSTERA GRANDE VERDE G120-1924,6500
9918,HOJA TR X 1 G120-1921 GOLDA,4500
VR52700,IVY HANGING 80CM VR52700 CECIL,36000
P020,JARDIN VERTICAL AMAZONAS EXTERIOR 50X50CM PROTECCION UV P020,28000
P065,JARDIN VERTICAL CHUBUT EXTERIOR 50X50CM PROTECCION UV P065,28000
7377,JARDIN VERTICAL COSQUIN/LACAR EXTERIOR 1X1MT PROTECCION UV,158000
P010,JARDIN VERTICAL PARANA EXTERIOR 50X50CM PROTECCION UV P010,28000
P066,JARDIN VERTICAL TARTAGAL EXTERIOR 50X50CM PROTECCION UV P066,28000
P001,JARDIN VERTICAL TRAFUL EXTERIOR 50X50CM PROTECCION UV P0001,28000
65694,LEAF HANGING SPRAY 1.4MT VR53739 CECIL`S,26000
7383,MACETA BAMBOO MAX H120 MABAMMAX CLAUDIA ADORNO,195000
TF-54154,MACETA COLGANTE TODO FLOR 54154,31000
RTL0000,MACETA LISBOA 27X20 CM RTL0000,45000
RTL0001,MACETA LISBOA 41X30 CM RTL0001,85000
1712671,MACETA VIDRIO SUCULENTA CON LUZ LAS CASIANAS,26000
67957,MAGNOLIA SPRAY 68CM. FS48022 CECIL´S,18500
67940,MAGNOLIA SPRAY 72CM FS03854 CECIL`S,25000
09964,MAGNOLIA TREE CON FLOR 1.14MT AR09964 CECIL`S,245000
TF-58108,MATA COLA DE ZORRO 40CM TF-58108 TODO FLOR,7800
TF-95305,MATA DE GUIPSO 27CM TF-95305 TODO FLOR,7400
TF-95176,MATA DE GUIPSO 30CM TF-95176 TODO FLOE,7900
TF-95131,MATA DE GUIPSOPHILAS X 7 TF-95131 TODO FLOR,9500
TF-54140,MATA DE HOJITAS 36CM TF-54140 TODO FLOR,7500
TF-71024,MATA DE HOJITAS 39CM TF-71024 TODO FLOR,5500
TF-58100,MATA EUCALIPTUS 34CM TF-58100 TODO FLOR,7500
TF-95272,MATA EUCALIPTUS 40CM TF-95272 TODO FLOR,7900
TF-09116,MATA EUCALIPTUS 54CM TF-09116 TODO FLOR,7500
TF-49007,MATA HELECHO 48CM TF-49007 TODO FLOR,5300
TF-85036,MATA HELECHO CON FRUTOS 34CM TF-85036 TODO FLOR,7200
TF-58109,MATA HOJAS CON FRUTO 40CM TF-58109 TODO FLOR,7800
TF-95ST13,MATA MINI HOJITAS 35CM TF-95ST13 TODO FLOR,4800
TF-54218,MATA PINO 40CM TF-54218 TODO FLOR,9500
02555,MINI ROSA BUSH X 5 30CM FL02555,8000
02534,MINI ROSA MIX X 5 29CM FL02534,6500
22431,MUGUET X 7 X 35 CM FL22431 CECIL,4500
951010,ORQUIDEA CON MACETA XT951010,38000
AR50035,PALM DOUBLE X 2 1.5MTR AR50035 CECIL`S,205000
72241,PALMERA KENTIA 60CM AR24000 CECIL`S,75000
TF-85042,PANEL DE MUSGO 1MT X 1MT TF-85042/TF-75094 TODO FLOR,62000
9408,PASTO BUSH 31CM VR00370 CECIL´S,3600
54139,PHALEANOPSIS SPRAY 60CM FS54139 CEIL`S,14500
65915,PHALEANOPSIS SPRAY 9FL 96CM FS03010 CECIL`S,18500
51016,PHILO TREE TRUNK 16L 1.29MT AR51016 CECIL`S,192000
TF-57010,PHILODENDRO CON MACETA 65CM TF-57010 TODO FLOR,67000
65601,PHOTOS HANGING BUSH X159LV098CM VR48001 CECIL`S,42000
09158,PHOTOS PLAT NAT 76CM VR09158 CECIL`S,89000
37761,PILEA BUSH X5 33CM CECIL´S,3000
PL172,PLANTA 130CM PL172 JUNKO,73000
FA134,PLANTA 90CM FA134 JUNKO,82000
PL166,PLANTA ARECA 120CM PL166 JUNKO,118000
TF-13008,PLANTA ARECA CON MACETA 1.3MTS TF-13008 TODO FLOR,210000
PL285,PLANTA BANANA 120CM PL285 JUNKO,99000
PL170,PLANTA BANANA 160CM PL170 JUNKO,129000
PL220,PLANTA COLGANTE 45CM PL220 JUNKO,19200
59983,PLANTA DE DRACENA 1.50MTS AR60078,212000
90566,PLANTA DRACENA NAT 1.17MTR VR90566 CECIL`S,230000
51239,PLANTA HAWAIANA DE MADERA DE ROCA 13X17CM AR13334,98000
PL283,PLANTA PALMERA 120CM PL283 JUNKO,130000
80253,PLANTE AVE DE PARAISO 12L 1.50MT AR15012 CECIL`S,155000
FA208,PLATA DE BANANA 80CM FA208 JUNKO,76000
09177,POTHOS MARBLE CAIDA 73CM VR09177 CECIL`S,85000
FA516,RAMA DE HOJAS 68CM FA516 JUNKO,2900
FA520,RAMA DE HOJAS 68CM FA520 JUNKO,2900
FA391,RAMA LAVANDA 36CM (250 1000),2900
FA257,RAMO ASTILBE ROSA 99CM FA257 JUNKO,6500
TF-44150,RAMO AZALEA 34CM TF-44150 TODO FLOR,6200
TF-07094,RAMO CAMELIA X 7 30CM TF-07094 TODO FLOR,8000
TF-07096,RAMO CRISANTEMO X 5 30CM TF-07096 TODO FLOR,9500
FA458,RAMO DE FLORES 31CM FA458 JUNKO,7000
FA252,RAMO DE FLORES BLANCAS 122CM FA252 JUNKO,16000
FR115,RAMO DE FLORES FR115 JUNKO,19400
FR118,RAMO DE FLORES FR118 JUNKO,24000
FR129,RAMO DE FLORES FR129 JUNKO,12000
FR131,RAMO DE FLORES FR131 JUNKO,12000
FA462,RAMO DE FLORES LILA 31CM,7000
FA474,RAMO DE FLORES MIX 31CM FA474 JUNKO,7000
6862,RAMO DE FLORES MIX LAVANDA/BLANCO 20CM FRMIXLAV/BL CLAUDIA,6500
97012,RAMO DE FLORES OFERTA 97012 CRISANTEMO ORQUIDEA ROSA,4500
FR113,RAMO DE FLORES ROSA VIEJO X 7 FR113,19500
7740,RAMO DE FLORES SECAS VIOLETA RVIO KOOK,14900
FA534,RAMO DE HOJAS 36CM FA534 JUNKO,7500
FA551,RAMO DE HOJAS 45CM FA551 JUNKO,6000
TF-24503,RAMO DE HORTENCIA X 6 27CM TF-24503 TODO FLOR,6900
TF-05160,RAMO DE MINI TULIPAN X 5 30CM TF-05160 TODO FLOR,6300
TF-95199,RAMO DE PALMA 52CM TF-95199 TODO FLOR,18000
TF-24501,RAMO DE PEONIA 28CM TF-24501,6800
TF-09096,RAMO DE PEONIAS X 5 25CM TF-09096 TODO FLOR,7000
TF-09105,RAMO DE PEONIAS X 7 40CM TF-09105 TODO FLOR,20500
FR117,RAMO DE ROSA NATURAL FR117 JUNKO,27000
FR144,RAMO DE ROSA Y PIMPOLLO BLANCO X 5 FR144 JUNKO,17000
TF-95182,RAMO DE ROSAS 30CM TF-95182 TODO FLOR,7200
FR121,RAMO DE ROSAS AMARILLAS OTOÑO FR121 JUNKO,27000
TF-14126,RAMO DE ROSAS AVEJENTADAS 30CM TF-14126 TODO FLOR,6900
FL37747,RAMO DE ROSAS BEIGE 30CM X 5 FL37747,6900
TF-44126,RAMO DE ROSAS OTOÑALES 30CM TF-44126 TODO FLOR,6500
FR122,RAMO DE ROSAS ROJAS OTOÑO FR122 JUNKO,27000
TF-44133,RAMO DE ROSAS X 10 30CM TF-44133 TODO FLOR,7200
TF-44113,RAMO DE ROSAS X 5 30CM TF-44113 TODO FLOR,6800
TF-59145,RAMO DE ROSAS X6 ROSA-BLANCA TF-59145,5500
74330,RAMO DE ROSAS X7 32CM FL11880/37745 CECIL`S,7500
FA124,RAMO EUCALIPTO OTOÑO 50CM FA124 JUNKO,9500
FA461,RAMO FLORES MIX LILA/ROSA 31 CM,7000
CF-1013,RAMO HOJAS VERDES CF-1013,6500
FA568,RAMO LAVANDA 36CM FA567 JUNKO,3000
36608,RAMO LAVANDA G120-3660 GOLDA,6500
TF-05200,RAMO MARGARITA OTOÑAL 30CM TF-05200 TODO FLOR,7200
TF-05195,RAMO MARGARITAS 30CM TF-05195 TODO FLOR,7200
CF-1047,RAMO MARGARITAS X 7 CF-1047,5500
TF-44139,RAMO MINI PEONIAS X 4 30CM TF-44139 TODO FLOR,5900
FL22408,RAMO MIX DE ROSAS X 25CM  FL22408 CECIL`S,8600
CF-1107,RAMO PRIMAVERA CF-1107,4900
TF-71079,RAMO RANUNCULO 30CM TF-71079 TODO FLOR,7600
TF-44148,RAMO ROSITAS ROCOCO 30CM TF-44148 TODO FLOR,6500
TF-01506,RAMO SIEMPREVIVAS 30CM TF-01506 TODO FLOR,8500
TF-44151,RAMO X 10 MINI HORTENCIAS 32CM TF-44151 TODO FLOR,7400
TF-48109,RAMO X 10 ROSITAS 30CM TF-48109 TODO FLOR,6200
TF-48131,RAMO X 4 AMAPOLA 36CM TF-48131 TODO FLOR,4000
TF-48130,RAMO X 4 MARGARITAS 35CM TF-48130 TODO FLOR,4000
TF-66315,RAMO X 5 DALIAS 37CM TF-66315 TODO FLOR,5300
TF-66313,RAMO X 5 NARCISOS 37CM TF-66313 TODO FLOR,4200
TF-71085,RAMO X 5 ROSAS GRANDE 40CM TF-71085 TODO FLOR,20000
TF-71076,RAMO X 5 ROSITAS 27CM TF-71076 TODO FLOR,7400
TF-95323,RAMO X 6 CAMELIA 31CM TF-95323 TODO FLOR,6700
TF-76008,RAMO X6 PEONIAS 33CM TF-76008 TODO FLOR,25000
TF-24509,RAMOS X 7 LILIA 43CM TF-24059 TODO FLOR,23000
22411,RANUNCULUS BUD X 5 30CM FL22411 CECIL`S,6500
AR09279,RUBBER PLANT NAT 1.22MT AR09279 CECIL´S,195000
65830,SELLOUM HOJA 91CM RM0068A CECIL´S,16800
68152,SELLUM PHILO LEAF NT 1MT RM09-40 CECIL`S,11300
68145,SPLIT PHILO LEAF 90CM RM09-36 CECIL`S,9600
91500,SPLIT PHILO PLANT NATR 1.06MTS VR91500 CECIL`S,142000
02551,STAR FLOWERS BUSH X 5 30CM FL02551,4900
09196,SYNGONIUM CAIDA 66CM VR09196 CECIL`S,73000
20775,TIGER LILY VARA 5650 CECIL,17900
09949,TRAVELERS BANANA LEAF X 8 108CM AR09949 CECIL`S,210000
TF-75092,TREILLAGE EXTENCIBLE 30X112CM TF-75092 TODO FLOR,149000
24640,VARA CON FLORES BLANCA Y HOJAS G120-2464 GOLDA,8500
TF-09091,VARA DE CALAS X 5 55CM TF-09091 TODO FLOR,16900
TF-09087,VARA DE EUCALIPTUS 55CM TF-09087 TODO FLOR,4500
75313,VARA DE EUCALIPTUS FL11970 DELIFLOR,4500
36684,VARA DE EUCALIPTUS VERDE 90CM G120-3668 GOLDA,8500
24664,VARA DE FLORE LILA 59CM G120-2466 GOLDA,8500
5234,VARA DE FLORES FS16514,10500
TF-75078,VARA DE HIEDRA 70CM TF-75078 TODO FLOR,5500
TF-02155,VARA DE HOJA COSTILLA ADAM 85CM TF-02155 TODO FLOR,10900
TF-85041,VARA DE HOJAS REDONDAS 80CM TF-85041 TODO FLOR,14500
TF-02113,VARA DE HORTENCIA X 1 63CM TF-02113 TODO FLOR,5500
24671,VARA DE HORTENCIAS TALLO LARGO G120-2467/8/9 GOLDA,13000
TF-59133,VARA DE LIRIO X 3 ATIGRADO 40CM TF-59133 TODO FLOR,8900
TF-02269,VARA DE MARGARITA 50CM TF-02269 TODO FLOR,5000
TF-71047,VARA DE ORQUIDEA X 9 100CM TF-71047 TODO FLOR,11000
TF-02157,VARA DE PALMERA THIN 90CM TF-02157 TODO FLOR,8800
TF-96108,VARA DE PEONIAS CON PIMPOLLO 65CM TF-96108 TODO FLOR,14000
TF-66307,VARA GUIPSO 57CM TF-66307 TODO FLOR,3600
TF-09126,VARA HOJAS 142CM TF-09126 TODO FLOR,53000
TF-52059,VARA HORTENCIA 57CM TF-52059 TODO FLOR,12000
RM37720,VARA PALMA VIVAZ 90CM RM37720 CECIL`S,10500
TF-11012,VARA PIMPOLLO TERCIOPELO CON GIPS X 1 TF-11012 TODO FLOR,1000
TF-02278,VARA PLUMERILLO 110CM TF-02278 TODO FLOR,17500
TF-02304,VARA SANTA RITA 116CM TF-02304 TODO FLOR,17000
TF-02143,VARA X 2 GLICINA 100CM TF-02143 TODO FLOR,24000
TF-05158,VARA X 3 PEONIAS 63CM TF-05158 TODO FLOR,9500
69128,VASIJA ANTIGUA CON HELECHO MIX 19X25CM CECIL`S,16500
67110,WANDERING HANGING 1MTS VR67110 CECIL`S,37000
02544,WANDERRING MACETA CON CAIDA 50CM VR02544 CECIL`S,28000
FS25-33,WISTERIA SPRAY 66CM FS25-33,2200
TF-57002,YUCCA CON MACETA 90CM TF-57002 TODO FLOR,149000
22403,YVY CAIDA X28CM X 40CM 22403 CECIL,17500
02542,ZINIA BUSH X 5 30CM FL02542,7500
071781,CUADRO AFRICA TRAMA BLACK 62X92 CM *VASSA MISHKA,198000
71958,CUADRO GARDEN GREY 62X92 CM *VASSA MISHKA,190000
M62,PORRTARRETRATO 10X15CM M62 JUNKO,18900
23406,PORTA 5 FOTOS 10 X 15 CM PF-2032.85,15000
M123,PORTARRETRATO 10X15 48 M123 JUNKO,8500
M159,PORTARRETRATO 10X15CM M159 JUNKO,8500
M163,PORTARRETRATO 10X15CM M163 JUNKO,9500
M171,PORTARRETRATO 10X15CM M171 JUNKO,8000
M247,PORTARRETRATO 10X15CM M247 JUNKO,8100
M251,PORTARRETRATO 10X15CM M251 JUNKO,10200
M275,PORTARRETRATO 10X15CM M272 JUNKO,12000
8054,PORTARRETRATO 13 X 18 CM CLAUDIA ADORNO 80184/80675/81464,16500
M248,PORTARRETRATO 13X18CM M 248 JUNKO,10000
M160,PORTARRETRATO 13X18CM M160 JUNKO,11500
M172,PORTARRETRATO 13X18CM M172 JUNKO,10000
M184,PORTARRETRATO 13X18CM M184 JUNKO,18000
M216,PORTARRETRATO 13X18CM M216 JUNKO,17000
M224,PORTARRETRATO 13X18CM M224 JUNKO,18900
M252,PORTARRETRATO 13X18CM M252 JUNKO,12200
M67,PORTARRETRATO 13X18CM M67 JUNKO,18900
M173,PORTARRETRATO 15X21CM M173 JUNKO,12500
M253,PORTARRETRATO 15X21CM M253 JUNKO,15000
M65,PORTARRETRATO 20X25CM M65 JUNKO,27500
M90,PORTARRETRATO DOBLE 10X15 M90 JUNKO,22000
X7426,PORTARRETRATO GRANDE PERSONAJE,200
60754,PORTARRETRATO MARCO MADERA 13X18CM PF3316.5,8300
60907,PORTARRETRATO MARCO MADERA 15X20CM PF3316.6,10500
94392,PORTARRETRATO MARCO METAL 30.8X35.8 PR93389 CECIL`S,39500
32339,PORTARRETRATO METAL 2CM 15X20CM PF6200.6,20000
M135,PORTARRETRATO METAL PLATEADO 10X15CM M135 JUNKO,11900
M223,PORTARRETRATO METAL PLATEADO 10X15CM M223 JUNKO,15000
M136,PORTARRETRATO METAL PLATEADO 13X18CM M136 JUNKO,15000
82608,PORTARRETRATO ONDAS SEAGRASS 13X18CM ART2248 ENTRANCE,35000
91983,PORTARRETRATO PAPER ONDA NEGRO 15X20CM 2251 ENRANCE,22500
82453,PORTARRETRATO PLATEADO 3 FOTOS SP7000.5,8500
99818,POTARRETRATO MARCO METAL 10X15 PR93309 CECIL`S,18900
6082,ABANICO  CON BRILLO/ LENTEJUELA,3000
3729,ABANICO CON PLUMAS,8000
60105,ABANICO CORAZON DE PAPEL X 12,12500
54755,ABANICO ESPLENDIDO NEGRO 35CM ABA01 RIVAS,10000
3309,ABANICO GIGANTE 33.5CM COLOR X 1,6500
1983,ABANICO MADERA ECONOMICO,2900
6064,ABANICO PLASTICO LISO DE COLORES X 1,2500
54762,ABANICO PSICODELICO NEGRO 35CM ABA02 RIVAS,9000
6081,ABANICO TELA NEGRO CON FLORES GIBRE,2500
20373,BOLSA PIEDRA BLANCA PARA CENTRO DE MESA 12027,400
43648,CAMINO DE MESA DE FIBRA NEGRO/GRIS/BEIGE X1,22000
44372,CUADRO GUADA 25X70,20000
8528,ESFERA DISCO DE VIDRIO CHICA 3CM  X 6,8500
5207,ESFERA DISCO DE VIDRIO GRANDE 6CM X 6,14000
9911,ESFERA DISCO DE VIDRIO MEDIANA 4CM X 6,15000
71925,ESFERA DISCO DE VIDRIO MINI X 16,8500
00719,ESFERA DISCO ESPEJADA CHICA CON PALITO Y340-AT0071,7000
00405,ESFERA DISCO ESPEJADA SURTIDAS GRANDES Y340-AT0040,12000
21748,ESFERA DISCO GIGANTE X 3,15000
73707,ESFERA DISCO GRANDE X 1,7800
115671,ESPEJO DOBLE CARA MARCO PLASTICO,500
8934,GORRO DE LANA ANIMALITOS A-1534,500
5233,HIDROGEL BIOGEL PELOTITAS,500
20357,IMAN DE EMOTICON (REGALO CITY),600
6072,PASTO METALIZADO EMISOL,500
00118,PHOTO BANNER GUIRNALDA DE FOTOS BLINDER,1200
64507,PORTA LAMPARA DE PAPEL MEDIANO X 1 25 CM,3500
36266,PORTA LAMPARA MINI DE TELA X 10,1500
64514,PORTA LAMPARA PAPEL GRANDE,4500
M63,PORTARRETRATO 13 X 18 JUNKO,19000
82510,RODILLO PARA PELUSAS SET X 3,7700
8817,SERVILLETERO METAL CORONA/HOJA/PIÑA X1,1000
20998,TACITA SOUVENIR COMUNION/BAUTISMO/BABYSHOWER X 1,1700
5821,VELON PERFUMADO CHICO PARAFINA 7X7,8500
5819,VELON PERFUMADO GIGANTE PARAFINA 10 X 10,23000
7838,AFICHE CARTON CAT ATLETICO TUCUMAN X 2 UNIDAD,2500
7811,AFICHE CASM SAN MARTIN X 2,2500
7816,ANTIFAZ CASM SAN MARTIN X 10,300
7815,ANTIFAZ CAT ATLETICO X 10,300
7751,BOLSITA X 10 CASM SAN MARTIN,1200
7752,BOLSITA X 10 CAT ATLETICO,1000
7808,GORROS CASM SAN MARTIN X 10,100
7813,GORROS CAT ATLETICO X 10,100
7840,INVITACION CASM SAN MARTIN X 10,200
7812,INVITACION CAT ATLETICO TUCUMAN X 10,200
7837,PIÑATA CARTON CAT ATLETICO,3500
7979,PIÑATA CARTON SAN MARTIN CASM,3500
7931,SERVILLETERO CASM SAN MARTIN,500
7927,SERVILLETERO CAT ATLETICO TUCUMAN,600
7929,VASOS CASM SAN MARTIN,1000
7807,VISERA CASM SAN MARTIN X 10,300
7814,VISERAS CAT ATLETICO X 10,300
48899,BANDERIN ARTICULADO FROZEN X 1 OTERO,3100
48929,BOLSA DE DULCE FROZEN X 10 OTERO,3200
48974,MANTEL FROZEN X 1 OTERO,7900
07320,PLATO FROZEN X 10 OTERO,3000
48172,STICKER FROZEN X 24 OTERO,1600
07337,VASO FROZEN X8 OTERO,3100
00710,ANTIFAZ LA SIRENITA X8 OTERO,3300
00383,BANDERIN ARTICULADO LA SIRENITA X1 OTERO,3100
00406,BOLSITAS PLAST LA SIRENITA X 10 OTERO,3200
04256,CAJA DE SORPRESA SIRENITA DISP X 8,300
00413,INVITACION LA SIRENITA X10 OTERO,1300
00451,MANTEL LA SIRENITA X1 OTERO,7900
00437,PIÑATA LA SIRENITA X1 OTERO,5500
407573,PLATOS LA SIRENITA X8 OTERO,3000
27069,BANDERIN ARTICULADO PEPPA PIG X 1 OTERO,3100
27083,BOLSITA PEPPA PIG X 10 OTERO,3200
27137,INVITACION PEPPA PIG X 10 OTERO,1300
27144,MANTEL PEPPA PIG X 1 OTERO,7900
27175,PIÑATA CARTON PEPPA PIG X 1 OTERO,5500
48608,STICKERS PEPPA PIG X24 OTERO,1600
00840,BANDERIN ARTICULADO CARS X1 (OTERO),3100
008464,BOLSA DE DULCES CARS DISP. X 10. (OTERO),3200
400871,INVITACIONES CARS DISP. X 10. (OTERO),1000
00918,MANTEL CARS DISP. X 1. (OTERO),7900
400895,PIÑATA DE CARTON CARS DISP. X 1. (OTERO),5500
53481,PLATOS CUADRADO AUTOS F1 X 8 FESTCOPAK,2500
50749,SERVILLETAS CARS DISP. X 12.,2900
53467,STICKER AUTOS F1 X 24 FESTCOPACK,1500
01137,STICKER CARS X24 OTERO,1600
53504,VASO AUTOS F1 X 8 FESTCOPAK,2500
07252,VASO POLIPAPEL CARS X8 OTERO,3100
08112,BOLSITA SORPRESA BLUEY X 10 OTERO,3200
08167,MANTEL BLUEY 1.20X1.80 X 1 OTERO,7900
43160,BANDERIN ARTICULADO STAR WARS X 1 OTERO,2000
42682,AFICHE DISTROLLER X 1 OTERO,1800
42736,BOLSITA DISTROLLER X 10 OTERO,1000
42903,CANDY BAR DISTROLLER OTERO,1000
42781,INVITACION DISTROLLER X 10 OTERO,300
42798,MANTEL DISTROLLER X 1 OTERO,1500
42842,PLATO DISTROLLER X 10 OTERO,800
42897,POSTER REGALO DISTROLLER X 1 OTERO,1500
94972,AMETRALLADORA 40CM COLOR SURTIDO,6000
02091,ANILLOS COLOR X36 PATRIMAR,1500
5362,ANIMALES SURTIDOS EN TUBO DE PVC,8200
49959,ANIMALITO SQUISHY BOLSA X 6 JUG20 RIVAS,3000
50927,ANTEOJO ACRILICO NIÑO X 12 LOWCOST,8000
4315,ARAÑAS X 12 (PATRIMAR),2000
13370,ARCO Y FLECHA GIGANTE,18000
44,ARO HULA -HULA 50 CM. CHICO. PATRIMAR,2500
36027,AUTO C/CONTROL REMOTO,8000
93543,AUTO C/LUZ Y PISTA P/ARMAR,24500
09575,AUTO FORMULA UNO CON DISPARADOR X 20,6500
20812,AUTO RUEDA LIBRE X 4 02081,1800
35334,AVION DESARMABLE,4000
36911,BEBE C/ MAMADERA Y CHUPETE (SONIDO),13500
36935,BEBE CON SONIDO,13500
KQ08,BEBE CRY MAMADERA Y CHUPETE VS MODELOS,18500
8080,BICHITOS X 12 DE GOMA PATRIMAR,2700
26578,BLISTER DE TANQUES X 6 12657,2800
23966,BLISTER POLICIA AUTO/CAMION/HELICOPTERO,4600
34047,BOLSA DE BOLILLAS,3500
7835,BURBUJERO CHICO BLINDER,500
5828,BURBUJERO FORMA DE HELADO,2900
9196,BURBUJERO GIGANTE X 1,6000
74628,CALESITA LUMINOSA GIRATORIA X 1,4300
7710,CHUPETE ACRILICO CELESTE X 25,3000
7709,CHUPETE ACRILICO ROSA X 25,3000
7405,CHUPETE MINI X 24 PATRIMAR,2500
1844,CINTA ADHESIVA CHICA X 1,500
BURBU10,COMBO BURBUJERO BLINDER CHICO X10 VS COLORES,4500
SETTRAB,COMBO SET TRABA Y COLERO INFANTIL PAQUETE X6,7500
5150,CORTANTE GRANDE X 12 (PATRIMAR),2500
75047,CRAYON ENCASTRABLE X6 12 COLORES LOW COST,5500
19328,CRAYONES EN TUBO PLASTICO C/ROSCA ROSA-CELES. LOW COST,4800
7625,CRAYONES ENCASTRABLES AVENGER/KUROMI X 1,2800
36287,CRAYONES RETRACTIL X 6 COLORES FLUO X 1,4500
9465,CUCARACHA X 24 PATRIMAR,3500
70890,DIENTE DRACULA X12 (ROTTI/PATRIMAR,1600
9146,DINOSAURIO DE GOMA X 12 PATRIMAR,2700
3654,DINOSAURIOS X 6 (PATRIMAR).,3000
31399,DISPENSER DE GOLOSINA MINI,300
6656,ESQUELETOS DE GOMA X 6 (PATRIMAR),4000
47869,FIBRAS ESCOLARES AL AGUA X6 1294-03 LOW COST,1500
76805,FIBRON PUNTA REDONDA X8 COLOR. SURTIDO LOW COST,3500
86030,GOMA DE BORRAR STITCH X 3PCS,5500
85968,GOMA DE BORRAR STITCH/ANGELA/MACARRON X1 LOW COST,800
15466,GOMITA PARA ARMAR PULSERAS BLISTER X 20,5500
920018,GOMITAS CON FORMAS X 4,1800
9756,HELICES CON LUZ,500
35327,HELICOPTERO DESARMABLE,4000
7068,HIDROGEL ANIMAL C/PELOTITA PLANCHA X 20,5000
45017,JUEGO DE CARTAS UNO,2500
35440,JUEGO HERRAMIENTAS DE BOMBEROS 13544,9800
02540,LANZA AGUA CAÑON SPLASH 828725X5,2800
67837,LAPICERA CAPIBARA 10 COLORES X1 LOW COST,2500
211829,LAPICERA COLGANTE SUPER HEROES/ KITTY KUROMI CON LUZ X 1,2400
5505,LAPICERA CON ESTRELLA LENTEJUELA X 1,650
7952,LAPICERA KUROMI NEGRO/VIOLETA X 1,2200
55888,LAPICERA MULTICOLOR AVENGER/KUROMI X 1,2300
57340,LAPICERA RETRACTIL CAPIBARA DISPLAY X1 LOW COST,3000
6859-10,LAPICERA STITCH/ANGELA PELUCHE X1 LOW COST,4000
68028,LAPICES EN LATA X12 C/SACAPUNTAS LOW COST,4000
49980,LAPIZ FLEXIBLE BOLSA X 6 JUG23 RIVAS,3000
8083,LAPIZ INFINITO RELLENO CRISTALES KUROMI/UNICORNIO X 1,1000
39887,LAPIZ PORTAMINA PECES INTERCAMBIABLE X4 LOW COST,2600
8452,LLAVERO LUZ AUTO/ATRONAUTA  CON LUZ X 12,7500
5411,LLAVERO METAL DESTAPADOR,400
7950,LLAVERO METAL DESTAPADOR PAQUETE X 12 FEMINIX,4400
5271,LLAVERO PUNTERO LASER X 12,12000
1060,MAMADERA PLASTICAS X 12 (PATRIMAR),5500
8973,MECHITA DE COLORES X 6 YAMEI,800
546,MECHITAS X 12 (DIFERENTES).,2000
8040,MEDALLAS DE FUTBOL X 12 DORADAS/PLATEADA SIN CINTA,3500
28103,MICROFIBRAS X10 COLORES SURTIDOS LOW COST,3000
11-73-2,MINI BROCHE TIRA X 100 FEMINIX,3900
71453,MINI NAIPES X12 ROTTI,6500
15404,MOTO CON LANZADOR X 20,5000
8849,MURCIELAGO X 12 PATRIMAR,4500
00135,PEINETA MINI SURTIDDA X36 PATRIMAR,3500
2348,PELOTA GOMA CON CARITA COLORES 22CM,1500
7954,PELOTA INFLABLE MEDIANA CON PINCHES 16CM,1200
7640,PELOTITA SALTARINA,350
2790,PELOTITA X 36 (PATRIMAR).,9500
00311,PINTURA ACUARELAS CAJA X 12 CON PINCEL,2500
33712,PISTOLA LANZA DARDO,5000
66522,PISTOLITA SOPAPA/HELICE/TROMPO BLISTER X 20 UNI. BLISTER,8500
5487,PLANCHA APLIQUES DE STRASS X 12,5800
8344,PULSERA CABLE FINITA X 1,250
22-100-4,PULSERA GOMA FINITA X 12 FEMINIX,2300
4341,PULSERA MAGICO RETRO FLUO/DIBUJOS X1,250
2938,PULSERAS X 12 (PATRIMAR).,2000
50012,RESORTE CHICO X 12,5000
33699,RIFLE LANZA DARDOS,3500
33067,SELLITO STITCH ANGELA X 4,8900
7427,SET 12 AROS CON GLITER ESTRELLA/CORAZON/MARIPOSA,2000
04499,SET 6 AUTOS C/EXPULSOR,11500
34320,SET AUTOS Y AVIONES,4600
01072,SET DE GOMA DE BORRAR CON SACAPUNTAS X 11 70107,2400
09302,SET DE HERRAMIENTAS X 4 10930,3000
4566,SET HEBILLAS TIRA X 5 FEMINIX,2000
5409,SET INFANTIL TRABA Y COLERO BLISTER X 10 22-773 FEMINIX,1700
9765,"SET INFANTIL TRABA, COLERO Y GOMITAS",1800
28268,SET MOTOS X6,4400
3979,SET SOLDADITO X4 SURTIDO,200
00144,SILBATO ARGENTINA PLASTICO X 12 PATRIMAR,2200
02041,SILBATO DE METAL (JOTABE),700
004687,SILBATO LISO COMUN FLUOR VS COLORES X 24,4500
9757,SILBATO PELOTA/CARITA X 12,3700
17718,Soldaditos x 12 (Patrimar).,1700
15398,SOLDADO CON PARACAIDAS X 20,5000
6520,STICKER PLANCHA X 20 VS MODELOS FEMINIX,3500
7994,SUPER VIBORA X12 (PATRIMAR),2800
33210,SUPER VIBORA XL X 6 PATRIMAR,9500
4465,TRABITA CON APLIQUE BLISTER X 3 22-755 FEMINIX,2300
7215,TRABITA EXTENCION DE PELO X 4 FEMINIX,2000
08516,TRABITA TIC TAC ESTRELLA X 10,2000
4471,TRABITA TIC-TAC DECORADA X10 22-77/4 FEMINIX,2900
2360,TRABITAS INVISIBLE BLISTER  X 20 FEMINIX,400
8848,TROMPO X 24 PATRIMAR,2000
6495,VALIJITA/LUNCHERA MINI X 1,2000
5510,VINCHA NIÑA PLASTICA FINITA/APLIQUE X1,450
24994,YO YO CON LUZ,1600
49812,YO-YO BOLSA X 6 JUG06 RIVAS,3000
04008,BOLSITA PLASTICA SUPER HERO X10 OTERO,2500
26154,BOLSITA SORPRESA AVENGERS X 10 OTERO,2500
49216,BOLSA DE DULCE PAW PATROL X 10 OTERO,3200
49223,INVITACIONES PAW PATROL X 10 OTERO,1300
49261,MANTEL PAW PATROL X 1 OTERO,7900
49247,PIÑATA DE CARTON PAW PATROL X 1 OTERO,5500
45003,ANTIFAZ GRANJA DE ZENON X7 OTERO,2300
44990,BANDERIN ARTICULADO LA GRANJA DE ZENON X 1 OTERO,3100
64868,BANDERIN TRIANGULO DINOSUARIO BLINDR,2500
45010,BOLSITA SORPRESA LA GRANJA DE ZENON X 10 OTERO,3200
46277,CANDY BAR DE LA GRANJA DE ZENON OTERO,1100
45065,MANTEL LA GRANJA DE ZENON X 1 OTERO,7900
45089,PIÑATA DE CARTON LA GRANJA DE ZENON X 1 OTERO,5500
07597,PLATO LA GRANJA DE ZENON X 8 OTERO,3000
50572,SERVILLETAS DE LA GRANJA DE ZENON X 20 OTERO,2900
01168,STICKER DE LA GRANJA DE ZENON  OTERO,1600
50442,ANTIFAZ INTENSAMENTE X 10 OTERO,2700
50459,BANDERIN FELIZ CUMPLE INTENSAMENTE X 1 OTERO,2900
51432,BOLSITA INTENSAMENTE X 10 OTERO,1900
50503,PIÑATA DE CARTON INTENSAMENTE X 1 OTERO,5100
50510,PLATO INTENSAMENTE X 8 OTERO,3000
50787,SERVILLETA INTENSAMENTE X 20 OTERO,2900
50534,VASO POLIPAPEL INTENSAMENTE X 10 OTERO,2800
45348,BOLSITA PJ MASKS HEROES EN PIJAMA  X 10 OTERO,400
11907,BANDERIN FELIZ CUMPLE GUERRERAS K-POPX 1,3000
07962,BOLSA DE PAPEL GUERRERAS K-POP X 10,3000
12195,PIÑATAS DE CARTON GUERRERA K-POP GM,3500
11914,PLATO CARTON GUERRERAS K-POPX 8,3500
11938,STICKER GUERRERAS K-POP,3900
2285,ANTIFAZ/CARETA TIGRE TRIGGER PACK,2000
9799,CARETA ABEJITA TRIGGER PACK,2000
401,CARETA AMONGUS,500
4173,CARETA CABALLO (TRIGGER.,2000
4175,CARETA CABRITO (PARTY).,1500
8645,CARETA CARPINCHO PLASTICA TRIGGER PACK,2000
9793,CARETA CEBRA TRIGGER,2000
2290,CARETA CHANCHO ECONOMICA TRIGGER,2000
2279,CARETA DE CONEJO BLANCO CARA REDONDA (TRIGGER),2000
4166,CARETA DINOSAURIO (TRIGGER PACK) 003318,2000
7338,CARETA ELEFANTE TRIGGER,2000
3288,CARETA GATO (3298) TRIGGER.,2000
8389,CARETA LOBO MARRON TRIGGER,2000
8388,CARETA MONO CHIMPANCE TRIGGER,2000
04169,CARETA MONO/GORILA TRIGGER PACK,1500
47108,CARETA MUÑECO MALDITO (CHUKY) AC428,8500
3291,CARETA OSO PANDA (3310). TRIGGER,2000
2289,CARETA OVEJA ECONOMICA TRIGGER PACK,2000
3286,CARETA PANTERA (3290).TRIGGER,2000
1709,CARETA PERRO IMPORTADA GRANDE CHICO TRIGGER,2000
8387,CARETA PERRO TRIGGER,2000
8226,CARETA POLLITO (TRIGGER PACK),2000
7731,CARETA SAPO TRIGGER 3311,2000
8905,CARETA SURTIDA OFERTA X 1 (ANIMAL/PERSO),500
7372,CARETA VACA ECONOMICA TRIGGER,2000
3790,CARETA VACA MARRON (74258) (TICORAL).,1500
7730,MEDIA CARETA LEON TRIGGER,2000
25830,SERVILLETERO EMOJI X 12 TODO COLOR,500
30393,BANDERIN UNICORNIO (IMAGEN),150
01915,BOLSITA PLASTICA UNICORNIO X 10 TODO COLOR/GOL MUNDO,1300
01885,MANTEL UNICORNIO TODO COLOR/GOLD MUNDO,3700
01939,PIÑATA DE CARTON UNICORNIO X 1 TODO COLOR/GOLD MUNDO,3000
847601,INVITACION VARIOS MODELOS  X 10 OTERO LINEAS VIEJAS,500
6242,ANTEJOS GATUBELA CON STRASS X 1,4000
ACRILICO12,ANTEOJO ACRILICO X12,20000
8951,ANTEOJO ANTIFAZ ANIMALES PLASTICO X 1,1800
59251,ANTEOJO BLANCO CON STRASS MM159-25 M&M,5000
02724,ANTEOJO CARNAVAL GEMA Y PLUMA VERDE VIOLETA X 1,4500
92258,ANTEOJO CHOP,4800
61147,ANTEOJO CORAZON BLANCO CON STRASS MM11-14 M&M,5000
47061,ANTEOJO CORAZON BLANCO/ROSA/ROJO,2500
5970,ANTEOJO CORAZON BRIDE TEAM X 1 M&M,4500
61154,ANTEOJO CORAZON ROSA CON STRASS MM11-14R M&M,5000
59226,ANTEOJO CORAZON TRANSPARENTE VS COLORES MM159-22 M&M,4200
11963,ANTEOJO CORAZON/ESTRELLA/RED/PIXELACRILICO VS COLORES 1196/9,2000
41212,ANTEOJO ESTRELLA FAMA X1 LE21,7200
77455,ANTEOJO ESTRELLAS DE AGENTINA X 5 ROTTI,5500
92274,ANTEOJO FLOR C/VIDRIO NEGRO VS COLORES MM92-27,1600
08118,ANTEOJO GIGANTE CORAZON COLOR CON VIDRIO X 1,2800
08111,ANTEOJO GIGANTE ESTRELLA COLOR CON VIDRIO X 1,2800
08114,ANTEOJO GIGANTE REDONDO COLOR C/VIDRIO X1,2800
55262,ANTEOJO GIGANTE TREBOL METALIZADO MM55-26 M&M,3800
55251,ANTEOJO GIGANTE TREBOL MM55-25 M&M,2800
59244,ANTEOJO LENNON DORADO SIN VIDRIO MM159-24 M&M,3000
4023,ANTEOJO MARCO COLOR PARA NIÑO CHICOS,1500
8395,ANTEOJO MARCO COLOR Y DIBUJOS X 1,2500
ANTMETAL,ANTEOJO METALIZADO ECONOMICO X12,13700
59268,ANTEOJO NEGRO CON STRASS MM159-25N M&M,5000
6347,ANTEOJO PLASTICO VS FORMAS PATRIMAR X12,6500
08130,ANTEOJO REDONDO METALIZADO VS COLORES MM08-13,2500
92298,ANTEOJO TREBOL X 12 MM92-29,11500
92265,ANTEOJOS BOTELLA X 1,5500
11112,ANTEOJOS BRIDE TOBE METALIZADOS X 1 M&M,1500
8609,ANTEOJOS CORAZON CON DIAMANTES X 1,5000
81672,ANTEOJOS CORAZON TRANSPARENTE CON GRANA X 1,5600
81771,ANTEOJOS ESTRELLA CON GRANAS MULTICOLOR X 1,5600
6137,ANTEOJOS FLOR NIÑO X 1,1500
4391,ANTEOJOS LECTURA CON AUMENTO X 1,3000
03337,ANTEOJOS LENNON JB1222,2900
9687,ANTEOJOS METALIZADOS ECONOMICO X 1,1200
3200,ANTEOJOS VARIAS FORMAS HELADO/OSTRA/TIBURON/ANANA/HAPPY,3000
MARCO12,COMBO ANTEOJO MARCO COLOR X12,22000
MARCOJ12,COMBO MARCO COLOR NIÑOS X12,13000
38892,LENTES FIESTA ELECTRONICA REFLEX X1 LE24,5800
58456,LENTES MIS 15 LOVE CORAZON LE41 RIVAS,11000
58449,LENTES NOVIA LOVE CORAZON LE39 RIVAS,11000
58395,LENTES NOVIA PERLAS LE38 RIVAS,9500
6950,LENTES TRAPERO NEGRO MEGA SHOW,2500
846857,SERVILLETERO SHOPKINS (OTERO),500
47281,BOLSITA SORPRESA VAMPIRINA X10 (OTERO),400
05166,BANDERIN RECTANGULAR F/C PLIM PLIM X1 OTERO,3100
05180,BOLSA DE DULCE X 10 PLIM PLIM OTERO,3200
05036,BOLSITA PEAPEL ESTUCHE PLIM PLIM X 8,6000
53146,GLOBOS PLIM PLIM X6 OTERO,4500
421272,INVITACION CHICA PLIM PLIM OTERO,1300
05128,MANTEL PLIM PLIM X1 OTERO,7900
05173,PIÑATA CARTON PLIM PLIM X1 OTERO,5500
07412,PLATOS X 8 PLIM PLIM OTERO,3000
50718,SERVILLETAS DE PLIMPLIM X 20 OTERO,2900
05067,STICKERS PLIM PLIM X24 OTERO,1600
07405,VASO X 8 PLIM PLIM OTERO,3100
26574,CHAL TUL NEGRO/NATURAL CON LENTEJUELAS DORADAS X 1.,1500
45795,COLLAR CON ARGOLLAS ORO O PLATA PIEDRAS X 1 MEDIO,37500
6925,COLLAR ESPECIAL CON NEGRO/ORO/PLATA,49500
5804,COLLAR PLATA X 1 VARIOS MODELOS,8500
7705,COLLAR VARIOS X 1 (HILOS/GOMA/HILOS),17900
4409,MONEDERO LLAVERO CORAZON/CORONA/ANANA X 1,400
1876,DAMA/MUÑECA 15 AÑOS GRANDE VESTIDO LARGO 28268,1000
400215,BOLSITA SORPRESA TOY STORY X 10 OTERO,400
402011,BANDERIN AMARILLO PASTEL X1 OTERO,2400
02196,BANDERIN CELESTE PASTEL X1 OTERO,2400
02073,BANDERIN LILA PASTEL X1 OTERO,2400
02134,BANDERIN VERDE PASTEL X1 OTERO,2400
02004,CAJITA MULTIUSO AMARILLO PASTEL X6 OTERO,2700
02189,CAJITA MULTIUSO CELESTE PASTEL X6 OTERO,2700
02066,CAJITA MULTIUSO LILA PASTEL X6 OTERO,2700
02462,CAJITA MULTIUSO MULTICOLOR PASTEL X6 OTERO,2700
02240,CAJITA MULTIUSO ROSA PASTEL X6 OTERO,2700
02127,CAJITA MULTIUSO VERDE PASTEL X6 OTERO,2700
01984,PLATO AMARILLO PASTEL X8 FESTCOPACK,2500
02448,PLATO CARTON MULTICOLOR PASTEL X8 FESTCOPACK,2500
02165,PLATO CELESTE PASTEL X8 FESTCOPACK,2500
02042,PLATO LILA PASTEL X8 FESTCOPACK,2500
02226,PLATO ROSA PASTEL X8 FESTCOPACK,2500
02103,PLATO VERDE PASTEL X8 FESTCOPACK,2500
04664,VASO POLIPAPEL AMARILLO PASTEL X8 FESTCOPACK,2500
02141,VASO POLIPAPEL CELESTE PASTEL X8 FEST COPACK,2500
02028,VASO POLIPAPEL LILA PASTEL X8 FESTCOPACK,2500
02424,VASO POLIPAPEL MULTICOLOR PASTEL X8 FESTCOPACK,2500
02202,VASO POLIPAPEL ROSA PASTEL X8 FESTCOPACK,2500
02080,VASO POLIPAPEL VERDE PASTEL X8 FESTCOPACK,2500
02608,BANDERIN FLORAL OTERO X1,2500
007153,BANDERIN F.C DE ROBLOX X1 GRAFIGOLD,2500
07214,PIÑATA DE ROBLOX X1 GRAFIGOLD,3000
07184,PLATOS DE ROBLOX X8 GRAFIGOLD,2500
07368,SERVILLETAS DE ROBLOX X20 GRAFIGOLD,2500
000222,AFICHE TIK TOK X2,400
000208,BANDERIN TIK TOK X12,380
00420,INVITACION TIK TOK X1,120
000246,PIÑATA TIK TOK X 1,450
003211,SERVILLETERO TIK TOK X1,500
05272,AFICHE ENCANTO X1 OTERO,2600
405340,ANTIFAZ ENCANTO X10 OTERO,2700
05265,BANDERIN ENCANTO RECTANGULAR X 1 OTERO,2900
05241,BOLSA DE DULCE ENCANTO X10 OTERO,1900
05227,CAJITA SORPRESA ENCANTO X6 OTERO,4800
COMENCANTO,COMBO OTERO ENCANTO,16000
405326,SERVILLETERO ENCANTO X1 (OTERO),500
05302,VASO POLIPAPEL ENCANTO X10 OTERO,2800
1022,DISFRAZ ANIMALES AZUL,5000
150003,DISFRAZ BELLA T3/T4 TIENDA DE DISFRACES,19000
51075,DISFRAZ BOMBERO NIÑO T:M 7-9 AÑOS DI059M RIVAS,33000
01145,DISFRAZ BOMBERO/POLICIA/CHEF/ENFERMERA ECONOMICO LOWCOST,22500
8709,DISFRAZ CAPITAN AMERICA ADULTO AZUL,59900
27671,"DISFRAZ CAPITAN AMERICA TALLE 0,1,2,3 AZUL",42000
5783,DISFRAZ CENICIENTA ESPECIAL AZUL,42000
6342,DISFRAZ DE BELLA DURMIENTE T/1/2/3 TIENDA AZUL,44000
4191,DISFRAZ DE BELLA DURMIENTE T:2 (CROSTI)ROSA FUCSIA,25000
4192,DISFRAZ DE BELLA DURMIENTE T:3 (CROSTI)ROSA FUCSIA,25000
3243,Disfraz de Blanca Nieves T:2 (Crosti).,29000
51068,DISFRAZ DE BOMBERO NIÑO T: S 5-6 AÑOS DI059S RIVAS,33000
2940,DISFRAZ DE CENICIENTA T:3 (CROSTI).(CELESTE)(LILA),25000
7908,DISFRAZ DE MERLINA FIESTA T/1.2.3.4 X1 (AZUL),40000
9567,"DISFRAZ DE MERLINA T3,T4 (CROSTI)",22000
2558,DISFRAZ DEL HOMBRE ARAÑA T:2 (CROSTI).,29000
675,DISFRAZ DEL HOMBRE ARAÑA T:3 (CROSTI).,29000
7399,DISFRAZ DOS PARTES BATMAN,5000
8121,"DISFRAZ FROZEN T0 T1 T2 T3 T4 AZUL,TIENDA DE DISFRACES",49000
51198,DISFRAZ GLADIADOR T:M 7-9 DI042M RIVAS,48000
51181,DISFRAZ GLADIADOR T:S 5-6 DI042S RIVAS,48000
83534,DISFRAZ GUERRERA K-POP AMARILLO X 1,48000
48822,DISFRAZ HADA INFANTIL T:M 7-9AÑOS DI008M RIVAS,53000
48815,DISFRAZ HADA INFANTIL T:S 5-6AÑOS DI008S RIVAS,53000
9291,DISFRAZ HARLEY QUINN T2/T3/T4 AZUL,37500
8708,DISFRAZ HOMBRE ARAÑA ADULTO AZUL,59900
2783,DISFRAZ HOMBRE ARAÑA AZUL,42000
7481,DISFRAZ HOMBRE ARAÑA MUSCULOS TALLE 1/2/3/4,36000
8953,DISFRAZ INCREBLE HULK AZUL,42000
08202,DISFRAZ INFLABLE DE PELOTA,85000
08165,DISFRAZ INFLABLE GORILA,134000
08189,DISFRAZ INFLABLE MARCIANO,97000
08158,DISFRAZ INFLABLE PAYASO PARADO DE MANOS,97000
7520,DISFRAZ MUJER MARAVILLA *AZUL*,36000
8952,DISFRAZ PAYASA CON TU TU CROSTI,23000
1288,DISFRAZ PAYASO DE 7 A 10 AÑOS MIC MAC,4000
7195,DISFRAZ PAYASO RASO BLINDER,8000
6718,"DISFRAZ PJ MASK T1,T2,T3 TIENDA DE DISFRACES",13500
4454,DISFRAZ PRINCESA SUPER LUJO AZUL,30000
49379,DISFRAZ SIRENA INFANTIL T: 1 DI034-T1 RIVAS,32000
49386,DISFRAZ SIRENA INFANTIL T: 2 DI034-T2 RIVAS,32000
7199,DISFRAZ SIRENITA ESPECIAL AZUL,32000
39001,DISFRAZ SPANDEX ADULTO MUSCULOS  53900,25000
4453,DISFRAZ SUPERMAN MUSCULOS TALLE2/3,32000
9998,DISFRAZ UNICORNIO NIÑA T1/2/3 CROSTI,34000
50955,DISFRAZ VAQUITA BEBE T: XS 2-4 AÑOS DI053XS RIVAS,27000
49331,DISFRAZ/VESTIDO DE PRINCESA DE ENSUEÑO T: 0 DI032-T0 RIVAS,23000
49348,DISFRAZ/VESTIDO DE PRINCESA DE ENSUEÑO T: 1 DI032-T1 RIVAS,23000
49355,DISFRAZ/VESTIDO DE PRINCESA DE ENSUEÑO T: 2 DI032-T2 RIVAS,23000
2243,POLLERA BAILARINA TU TU (MIC-MAC),5500
02621,POLLERA TUTU CON MARIPOSAS Y LUZ,9800
4457,SET ANIMALITO MIC- MAC,9900
3771,SET CONEJO PELUCHE OREJA IRIDISCENTES,3500
7882,SET MIC-MAC MAGO-PIRATA-COWBOY-GAU-COCIN-BERDUG.,11000
7367,TRAJE DE INDIA ALIANI,5000
7366,TRAJE DE INDIO ALIANI,5000
2004,TRAJE INDIA T 2 (CROSTI),13000
2499,TRAJE INDIA T 3 (CROSTI),13000
7500,TRAJE INDIA T8 T 10 MIC MAC,11000
2005,TRAJE INDIO T 1 (CROSTI),13000
2006,TRAJE INDIO T 2 (CROSTI),13000
7497,TRAJE INDIO T 6 MIC MAC,11000
7499,TRAJE INDIO T8 T10 MIC MAC,11000
2014,TRAJE PAYASO MULTICOLOR T 1 CROSTI,25000
2489,TRAJE PAYASO MULTICOLOR T 2 CROSTI,25000
2490,TRAJE PAYASO MULTICOLOR T 3 CROSTI,25000
1287,TRAJE PAYASO MULTICOLOR T 4 CROSTI,25000
04244,BANDERIN NARUTO RECTANGULAR X1 OTERO,2700
04237,PIÑATA CARTON NARUTO X1 OTERO,5200
04312,PLATO CARTON NARUTO X10 OTERO,3300
51883,BOLSITAS SONIC X 10 OTERO,3200
51944,MANTEL SONIC X 1 OTERO,7900
06972,ANTIFAZ STITCH X10 OTERO,2800
06996,BANDERIN RECTANGULAR F/C STITCH X1 OTERO,3100
407016,BOLSITA SORPRESA PLASTICA STITCH X10 OTERO,3200
407092,MANTEL STITCH X1 OTERO,7900
07108,PIÑATA CARTON STITCH X1 OTERO,5500
07122,PLATO STITCH X8 OTERO,3000
50626,SERVILLETAS STITCH X 20 OTERO,2900
06989,STICKERS STITCH X24 OTERO,1600
407153,VASO STITCH X8 OTERO,3100
08006,BOLSITA MERLINA X10 OTERO,1900
07917,PIÑATA CARTON MERLINA X1 OTERO,5200
07887,SERVILLETERO MERLINA X1 OTERO,1600
08037,STICKERS DECORATIVOS MERLINA X24 OTERO,1600
09829,BOLSITA MASHA Y EL OSO X 10 OTERO,1900
09881,MANTEL MASHA Y EL OSO OTERO,7900
51418,ANTIFAZ KUROMI X 10 OTERO,2800
51395,BANDERIN ARTICULADO KUROMI PTERO,2800
51371,BOLSA DE DULCE KUROMI X 10 OTERO,3200
51326,MANTEL KUROMI X1 OTERO,7900
51319,PIÑATA DE CARTON KUROMI X 1 OTERO,5500
51296,SERVILLETAS DE KUROMI X 20 OTERO,2900
51401,STICKER KUROMI X 24 OTERO,1600
00745,ADORNO COLGANTE ESTRELLA CORAZON PLUSH X 2 ALPARAMIS,9000
98393,ADORNO ESTRELLAS DE NAVIDAD X 8 100885,18000
56643,ADORNOS NAVIDEÑOS SURTIDOS 8CM ALPARAMIS,9000
24910,ANTEOJO ANTIFAZ PLASTICO NAVIDAD LOWCOST,1800
26141,ANTEOJO NAVIDEÑO ELFO CON CASCABELES NA88 RIVAS,4000
04248,ANTEOJOS NAVIDAD CON BRILLO NA02,3500
LAAT888,BOCHA ROJA FROZEN LAAT888 IVSA,6500
93747,BOLA C/LUZ Y MUSICA 21 X 23CM NA00055/01 CECIL,149000
93730,BOLA C/LUZ Y MUSICA 21.5X23CMNAB00054/01 CECIL,149000
00044,BOLA INFLABLE C/LUZ Y MOV.1.2M NAZA043/01 CECIL,180000
76423,CAJA BOLAS REGALO X7.5CM.X14PC NA75227/01 CECIL`S,55000
78168,CAJA DECO NAVIDAD SURTIDA ROSA X22P NA24024/01 CECIL,39000
78014,CAJA DECO NAVIDAD SURTIDO X 10 NA25005/01 CECIL`S,41000
78021,CAJA DECO NAVIDAD SURTIDO X 10 NA25006/01 CECIL`S,41000
77222,CAJA X 3 15-20-25 CM. CON LED NA11859/01 CECIL,145000
HWY0151,CAMPANA COLGANTE METAL BLANCA HWY0151 IVSA,23500
20249,CASCANUECES C/LUZ 1.52 MT NA46064/01 CECIL`S,950000
41028,CEN CASITA SANTA MUSICAL ALPARAMIS,145000
76638,CIERVO PARADO BLANCO 24.7 X 31 CM. NA24015/01 CECIL,83000
75495,CIERVO SENTADO 37 X 35 CM. NA25241/01 CECIL`S,79000
72104,CIERVO SENTADO NATURAL 32CM NA24411 CECIL`S,126000
LAT291,CORAZON CHAPA CON CAMPANA LAT291 IVSA,10500
LAT389,CORAZON LATA ROJO CHICO X 1 LAT389 IVSA,7000
67803,CORONA DE PLUMAS 30CM NA26026 CECIL`S,33000
44574,CUBIERTOS CON REGALO NAVIDAD X 6 104457 D´SAZA,26000
90676,DUENDE CHICO  18CM ALPARAMIS 23030,8500
98041,ESFERA GNOMO  13 CM ROMANTIC VIDRIO GRANDE Y NIEVE 100911,55000
LAT081,ESFERA JOY CHICA LAT081 IVSA,7000
LAT289,ESTELLA CHAPA CON CAMPANA LAT289 IVSA,10500
97990,"ESTRELLA 16,5CM GOLD (DORADA) 100906",5500
98492,ESTRELLA 16.5CM ROJA 101249,5300
97853,ESTRELLA 20 CM TRADICIONAL (ROJA Y BLANCA) 100892,7800
77949,ESTRELLA COLGANTE LENTEJUELA PLATA 15CM NA32664 CECIL`S,6000
91825,ESTRELLA CON LUZ USB 30 CM.NA91825/01 CECIL,62000
TF-10A100,ESTRELLA FEDERAL GIBRE Y CLIP 15CM TF-10A100,2000
11042,ESTRELLA FEDERAL ROJA CHICA 24-3808,4500
LAT372,ESTRELLA LATA ROJA CHICA X 1 LAT372 IVSA,7000
20410,FAROL C/LUZ Y MUSICA NA00051/01 CECIL,103000
91831,FUNDA ALMOHADON NAVIDAD 43X43CNA91831/01 CECIL,22000
91832,FUNDA ALMOHADON NAVIDAD 43X43CNA91832/01 CECIL,22000
77260,GARLAND CON LUZ LED 1.65 MTS. NA15495/01 CECIL,37000
2017,GLOBO LISO Nº 5 METALIZADO 1503 SIGLO XXI,1500
40458,GLOBO MUÑECO DE NIEVE 16CM ALPARAMIS,46000
00782,GNOMO DEL BOSQUE IVORY,98000
00778,GNOMO GORRO LENTEJUELA ROSA GRANDE COMPAÑIA DE PAPEL,120000
12320,GORRO SANTA/PAPA NOEL DE PAÑO CON LUZ X 1,3000
LAT990,GUIRNALDA CON ESTRELLAS METAL LAT990 IVSA,36500
TF-10A96,HOJA LANCEOLADA CON GIBRE 72CM TF-10A96 TODO FLOR,4500
02714,LXI CANDY 25X48CM ALPARAMIS,17000
02721,LXI CANDY CHUPETIN 25X55CM ALPARAMIS,17000
02905,LXI MOÑO RYB 30X60CM ALPARAMIS,23000
3414,MANZANA CON GIBRE ART.02123 (CECIL'S).,4300
41930,MARIPOSA CON CLIP 20CM PLATA NA17237 CECIL`S,5900
41947,MARIPOSA CON CLIP 20CM ROJA NA17237 CECIL`S,5900
78186,MASCARA DE LATEX PAPA NOEL LMPE14,42000
10405,MULECO CASCANUECES 30CM 251040 D´SAZA,39000
10368,MUÑECO CASCANUECES 16CM 251036 D´SAZA,6037.90
10382,MUÑECO CASCANUECES 38CM 251038 D´SAZA,62000
10412,MUÑECO CASCANUECES 38CM 251041 D´SAZA,65000
98904,PAPA/SANTA NOEL PARADO 21X9.5CM 101238,75000
69814,PELOTA DE NAVIDAD X 6 X 8 CM. NA80088/01 CECIL`S,26000
31986,PELOTA NAVIDAD  CHAMPAGNE X 6 X 8CM NA01932/01 CECIL,36000
14040,PELOTA NAVIDAD DORADA/CHAMPAGNE X 6 X 8CM NA00148/01 CECIL,29000
61825,PELOTA NAVIDAD LENTEJUELAS MULTICOLOR 8CM X 6 NA12275 CECILS,21000
7211,PELOTA NAVIDAD PELITO X 12 4 CM  ROJA / BLANCA NAN0904 CECIL,13500
7212,PELOTA NAVIDAD PELITO X 6 6 CM ROJA / BLANCA NAN0906 CECILS,17000
9545,PELOTA NAVIDAD PELITO X 6 8CM BLANCA ROJA PLATE DOR NAN0900,22000
13951,PELOTA NAVIDAD PLATEADA X 9 X 5.8CM NA00139/01 CECEIL,28000
32426,PELOTA NAVIDAD ROSA X 6 X 8CM NA01979/01 CECIL,34000
78199,PELOTA NAVIDAD SURTIDA AZUL PLATEADA X 6 X 8 NA30011/01,27000
78144,PELOTA NAVIDAD SURTIDA X6 X8CM NA24052/01 CECIL`S,27000
78151,PELOTA NAVIDAD SURTIDA X6 X8CM VERDE NARANJA NA20161/01,27000
78090,PELOTA NAVIDAD SURTIDO X6 X8CM NA32054/01 CECIL,28000
61788,PELOTA NAVIDAD X6  8CM NA12255 MULTICOLOR CECIL,20500
76096,PINE BERRY TEARDROP 76 CM. NA44003/01 CECIL`S,82000
LAT290,PINO CHAPA CON CAMPANA LAT290 IVSA,10500
69753,POINSETTIA CON CLIP BLANCA X 22 CM.NA12112/02 CECIL,7800
KLM557,PORTAVELA NORDIC BAJO KLM557 IVSA,19500
TF-33200,PUNTAL DE ARBOL ESTRELLA ORO 20X24 TF-33200 TODO FLOR,20500
65761,PUNTAL ESTRELLA ENRULADA PLATEADA 20X17CM K0006P DECORMESA,15000
71534,SANTA PARADO 1.20 MTS. NA12120/01 CECCIL,520000
00759,SANTA ROJO CON CHALECO GRIS 60CM COMPAÑIA DE PAPEL,235000
00753,SANTA ROJO CON TAPADO BLANCO IRISDI COMPANIA,235000
00760,SANTA TAPADO NATURAL 40CM COMPAÑIA,145000
30750,SERVILLETAS DE PAPEL NAVIDEÑAS 20U 25X25 ALPARAMIS,2500
10696,SERVILLETERO PORCELANA NAVIDAD 251069 D´SAZA,18000
00355,SET 2 BOLAS BOSQUE NAVIDEÑO 12CM COMPAÑI DE PAPEL,41000
00361,SET 2 BOLAS CIERVO EN EL BOSQUE 12CM COMPAÑIA DE PAPEL,41000
98119,SET ESFERAS NAVIDAD X 40 TRADICIONAL PLATA ROJO 100857,75000
3930,TRAJE DE PAPA NOEL TAFETA ADULTO,30000
8373,TRAJE PAPA NOEL ESPECIAL,45000
93068,TRINEO 48.4 X 20.5 X 35.5CM NA46050/01 CECIL`S,229000
TF-10A125,VARA DE HELECHO CON BRILLO 85CM TF-10A125 TODO FLOR,7500
TF-10A110,VARA DE HELECHO CON FRUTOS 84CM TF-10A110 TODO FLOR,7500
TF-10A106,VARA MONSTERACON GIBRE 50CM TF-10A106 TODO FLOR,4500
01741,VINCHA GORRO PAPA NOEL CON LENTEJUELA X 1 LOWCOST,3500
7339,VINCHAS NAVIDAD GOMA EVA X 3 GALERA/GORRO PAPA NOEL,4500
11028,XIN ESTRELLA FEDERAL ROJA ALPARAMIS,8000
11110,XIN MARIPOSA ROJA BLANCA ALPARAMIS,3800
75884,ZORRITO PARADO 24 X 38 CM. NA51077/01 CECIL`S,82000
6989,ARBOL CANADIENSE PREMIUN SIGLO XXI 2.10 2144,380000
7528,"ARBOL MIX MONTAIN 5"" 79143 CECIL",390000
8693,"ARBOL NEVADO FLOCKED  5"" NAH5005 CECIL",420000
9518,"ARBOL TREE 6"" 990 TIPS GREEN NAH4860 CECIL'S",520000
19281,MIX MONTAIN TREE 4PIE 193TIPS NA79141/02 CECIL`S,290000
75921,PINE TREE CON MACETA 1.12MTS.NA90001/01CECIL,149000
75938,PINE TREE CON MACETA 1.58 MTS.NA90002/01CECIL,380000
75945,PINE TREE CON MACETA 1.89 MT.NA90003/01CECIL,550000
1029,CORONA CANADIENSE CHICA 30 CM SIGLO XXI 2184,12000
60061,GARLAND BERRY 1.80 MTS NA02615/01,86000
78274,GARLAND BERRY X 1.35 MTS. NA04020/01 CECIL,40000
888B,GUIA CANADIENSE BLANCA SIGLO XXI,6000
888,GUIA CANADIENSE GRANDE 2187 SIGLOXXI/FIESTA/EUROTREE,12000
TF-35157,GUIA DE PINO CON FRUTOS AZUL 180CM TF-35157 TODO FLOR,129000
6471,GUIA GRANDE GARLAND APLACIAN 91060 1.80CM CECIL,115000
TF-35166,GUIA PINO CON ESTRELLA FEDERAL 180CM TF-35166 TODO FLOR,122000
3724,OLIVETA PARA DECORACION 2.20 MT. (SOL0850) (EUROT),180000
57810,"CINTA NAVIDEÑAS 6,3CM X 2,7MTS SURTIDAS",3900
5007,CINTA OFERTA  POR ROLLO,2500
02493,LXI CINTAS ASS 6.3CM X 9 METROS ALPARAMIS,14600
02455,LXI CINTAS ASS DORADO 8.9CM X 10 METROS ALPARAMIS,33000
02431,LXI CINTAS ASS ROJO 8.9CM X 10 METROS ALPARAMIS,32000
002448,LXI CINTAS ROJO Y DORADO 8.9CM X 9 METROS ALPARAMIS,23000
05424,COMBO LUZ ALAMBRE 1 MTS X 12,9600
ZLE-LN244,CORTINA 200 LEDS LUCES 2X2 CALIDA LN244,21000
21039,CORTINA MICRO LED 3 X 1 METRO 100LED MEGA SHOW,10400
21015,CORTINA MICRO LED 3 X 3 METROS 300LED MGA SHOW,15300
54451,FOCO LED LUZ COLOR  ERIC,4200
87992,FOCOS LUZ CALIDA CAJA X 10,18000
N343,GUIRNALDA DE FOCOS LED X 10 5 MTS ZLE-LN343CA,28000
88845,GUIRNALDA PARA FOCO EXTERIOR X 5MTS SIN FOCO MT08884,15000
9569,LUCES PELOTITAS CARTEL  A PILAS,2000
4480,LUZ ALAMBRE MINI CORAZON X 10,1500
6723,LUZ ALAMBRE MINI FLOR X 20,2200
2952,LUZ ARROZ MINI MULTICOLOR X 100 MULTIFUNCION,4000
01459,LUZ CORTINA 304 LED 3 X 3 MTRS ZLE-LN001 CA,28000
7440,"LUZ CORTINA/CASCADA 2 X 1,5 MTS (MULTICOLOR)",18000
ZLE-LN041,LUZ CORTINA/CASCADA 240LED 3.00 X 2.00 MTS,22000
7250,LUZ CORTINA/CASCADA CALIDA X144 (2 X 1.5MTS),15000
6746,LUZ DE ALAMBRE CORCHO P/BOTELLA X20 BL,1200
84538,LUZ LED ALAMBRE COBRE/PLATEADA X20 X 1 JOTABE,1500
8908,LUZ LED ALAMBRE X 1 METRO,1200
17003,LUZ LED MULTICOLOR CON ENCHUFE X 100 EN BOLSA,7500
9647,LUZ LED PALITO A ENCHUFE X 20,3500
5752,LUZ RED CABLE TRANSPA X 144 (1.50 MTS X 1.50) DC-2,18500
71268,PESEBRE NATIVITY X 2PCS. 11 X10 X36 CM NA21036/01 CECIL,122000
03575,PESEBRE SAGRADA FAMILIA 115X98X185CM ALPARAMIS,57000
68510,SAGRADA FAMILIA 31CM 1PCS NA20302 CECIL`S,108000
76881,SAGRADA FAMILIA POLY C/LUZ 30C NA18075/01,123000
76898,SAGRADA FAMILIA POLY C/LUZ 40C NA18465/01,174000
71435,SAGRADA FAMILIA POLYRESINA 20CM NA24173 CECIL`S,95000
71428,SAGRADA FAMILIA POLYRESINA 37CM NA24115 CECIL`S,95000
00334,SET PESEBRE COLOR 13 X 23.5CM COMPAÑIA DE PAPEL,48000
00337,SET PESEBRE PAISAJE BLANCO 12X29 COMPAÑIA,87000
28627,ULTIMA CENA 23.5CM NAC0684 CECIL`S,25000
6379,COLLAR FLOR DE TELA BLINDER X12,9800
31390,COLLAR FLUO ELASTIZADO BOLSA X25 IMAGEN,14500
04906,COLLAR HAWAIANO DOBLE FLOR CON HOJAS MULTICOLOR  049,1500
31741,COLLAR PLASTICO ARGENTINA  X 10,6500
1634,PORRA PLASTICA X 1 (IMAGEN).,100
3155,PORRAS COMUNES X 10 (404).,500
5406,PORRAS METALIZADAS CON MANGO X 2,3000
PAMA,PORRON GRANDE COLOR AMARILLO,2600
PAZU,PORRON GRANDE COLOR AZUL.,2600
PBLA,PORRON GRANDE COLOR BLANCA,2600
PCEL,PORRON GRANDE COLOR CELESTE.,2600
PLIL,PORRON GRANDE COLOR LILA,2600
PNAR,PORRON GRANDE COLOR NARANJA,2600
PNEG,PORRON GRANDE COLOR NEGRO.,2600
PROJ,PORRON GRANDE COLOR ROJO,2600
PROS,PORRON GRANDE COLOR ROSA.,2600
PVER,PORRON GRANDE COLOR VERDE.,2600
5407,PORRON METALIZADO COLOR/BICOLOR X UNIDAD IMAGEN,4300
00785,ADORNO COPO DE NIEVE TORNASOLADO X 8,1800
71896,AEROSOL REVELADOR DE GENERO X 1,22000
7425,ALMOHADA CON PUNTILLA PARA ALIANZAS,9600
87016,ANILLO PORTA SERVILLETA MARIPOSA 23CM X 12,3000
5408,BENGALA HUMO CHICA X1,3500
8065,BENGALA HUMO GRANDE X 1,3500
590215,CARTEL ARGENTINA CAMPEON TRIGGER PACK X1,1900
651,DIJES DE METAL ORO/PLATA X 20 ART. 223,7800
2573,DIJES DE PLASTICO X 20.,800
3834,DIJES VARIOS X 15 CON UNA ALIANZA,1000
3154,ESPIGA 18 AÑOS MEDIANA CORAZON X UN.,100
7941,FLORES DE TELA PARA PELO X 1,2000
32902,GARRAFA DE HELIO 30 GLOBOS GLOBOX/NASHVILLE 0.20M3,79000
78018,INFLADOR DE GLOBO DOBLE ACCION PREMIUM INF RIVAS,4500
11672,MARIPOSA C/GLITTER X6,2000
06674,MARIPOSA GIBREADA/METALIZADA DOBLE GIGANTE 18CM X 6,4000
6823,MARIPOSAS PLASTICAS X 12,3000
5265,PILAS AA X 2,1800
5612,PILAS AAA X 2,1600
230,PILAS POR UNIDAD,490
2893,PIOLIN GRANDE,700
1520,PIOLIN X OVILLO,500
1506,PLACA DE COLORES NAVIDAD,100
20662,POCHOCLERA W320 WINCO BLANCA,35000
64477,PORTA LAMPARA 10 CM X 1 PARA CENTRO DE MESA,1700
8616,POTES DE HUMO DE COLOR PH RIVAS,5000
6924,PROLONGADOR MULTIPLE(ALARGADOR) 1.5MTRS,3200
1715,SALES DE BAÑO.,2500
SOBRE,SOBRE MANILA 24X30 X 100 A4 MEDORO,0
SOBR,SOBRE MANILA 27X37 X 100 MEDORO,0
TINT,TINTA PARA SELLO IBI 24ML,0
14084,GORROS WINNIE POOH DISP. X 8.,36
8923,AFICHE FELIZ CUMPLE SURTIDOS X 1,500
56536,BANDERIN ARTICULADO ZOOTOPIA X 1 OTERO,3100
56703,BANDERIN IDOL MAGIC X 1 FESTCOPACK,2500
22556,BOLSITA SURTIDAS X10,500
4083,BOMBILLAS SURTIDAS X 10.,200
2613,CAJA DE SORPRESA SURTIDA X 8.,300
3117,GORRO HOMENAJEADO HOLOGRAFICO CHICO,2000
3115,GORRO HOMENAJEADO HOLOGRAFICO GRANDE,3000
20084,GORROS X 10 SURTIDOS,200
2551,MANTEL PERSONAJES OFERTA,700
56482,MANTEL ZOOTOPIA X 1 OTERO,7900
1481,PIÑATA SURTIDA.,500
06830,PLATOS SURTIDOS  X 8.,500
56604,SERVILLETA OSITOS X 20 FESTCOPACK,2800
8269,SERVILLETAS SURTIDA OFERTA,500
22648,SERVILLETERO SURTIDOS,500
56697,STICKER IDOL MAGIC X 24 FESTCOPACK,1500
56628,STICKER OSITOS X 24 FESTCOPACK,1500
811960,VASO PLAST. SURTIDOS  X 10.,500
56581,VASO POLIPAPEL OSITO X 8 FESTCOPACK,2300
2261,VISERAS/ANTIFACES  SURTIDA X8 X 10,500
53788,BANDERIN FELIZ CUMPLE ABEJITA X 1 OTERO,3100
53771,GLOBO LATEX ABEJITA X 6 OTERO,3600
53832,PLATO CARTON ABEJITA X 8 OTERO,3000
53795,STICKER ABEJITA X 24 OTERO,1600
53818,VASO ABEJITA X 8 OTERO,3100
49407,AFICHE FELIZ CUMPLE MICKEY X 1. OTERO,2600
49421,BANDERIN ARTICULADO MICKEY OTERO,3100
49452,BOLSA DE DULCES MICKEY X 10.OTERO,3200
01798,CAJA DE SORPRESA MICKEY DISP. X 8.,100
49575,CANDY BAR MICKEY MAUSE OTERO,550
01903,Gorros Mickey disp. x 8.,100
49469,INVITACIONES MICKEY X 10 OTERO,1300
49506,MANTEL MICKEY X1 OTERO,7900
49483,PIÑATA DE CARTON MICKEY X 1 OTERO,5500
49513,PLATOS MICKEY DISP. X10 OTERO,3500
48646,STICKERS MICKEY X24 OTERO,1600
49643,AFICHE FELIZ CUMPLE MINNIE X 1.OTERO,2600
49698,BOLSA DE DULCES MINNIE DISP. X 10. OTERO,3200
25042,CAJA DE SORPRESA MINNIE DISP. X 8.,200
48455,CAJITA SORPRESA PARA ARMAR MINNIE X6 OTERO,4800
49810,CANDY BAR MINNIE MAUSE OTERO,550
849469,INVITACIONES MINNIE X 10 OTERO,1300
49742,MANTEL MINNIE OTERO,7900
52767,PIÑATA DE CARTON MINNIE X 1. OTERO,5500
52798,SERVILLETA MINNIE X 20 OTERO,2900
281,GORRITOS PRINCESAS (ECONOMICA),200
27279,MANTEL PRINCESAS ROYAL X 1 DISP. ARGOS,300
12565,POSTER RECUERDO PRINCESAS 2013 DISP,200
998,ANTIFACES HOMBRE ARAÑA (ECONOMICO),500
25034,ANTIFAZ MEDIA MASCARA HOMBRE ARAÑA X 10 OTERO,2800
25027,BANDERIN ARTICULADO HOMBRE ARAÑA X 1 OTERO,3100
51579,BOLSITA SORPRESA HOMBRE ARAÑA X 10. (OTERO),3200
51517,MANTEL HOMBRE ARAÑA X 1 (OTERO).,7900
51500,PIÑATA CARTON HOMBRE ARAÑA (OTERO),5500
51487,PLATOS CARTON HOMBRE ARAÑA (OTERO).,3000
50602,SERVILLETA PREMIUM HOMBRE ARAÑA X 20 OTERO,2900
25232,SERVILLETERO HOMBRE ARAÑA (OTERO).,1600
48165,STICKERS HOMBRE ARAÑA X24 OTERO,1600
51456,VASO POLIPAPEL HOMBRE ARAÑA X8 OTERO,3100
2377,VISERAS HOMBRE ARAÑA X 10 (ECONOMICA),500
53627,BANDERIN ARTICULADO BOCA X 1 OTERO,3200
54457,BANDERIN FUBOL X 1 FESTCOPACK,2500
05678,BANDERIN RIVER RECTANGULAR X1 OTERO,3100
53566,MANTEL BOCA JUNIORS X1 OTERO,7900
54433,MANTEL FUTBOL X 1 FESTCOPAK,6500
05630,MANTEL RIVER PLATE X1 OTERO,7900
53559,PIÑATA BOCA JUNIORS X1 OTERO,5500
54440,PIÑATA DE CARTON FUTBOL X 1 FESTCOPACK,4500
05685,PIÑATA RIVER PLATE X1 OTERO,5500
54488,PLATO CARTON FUTBOL X 8 FESTCOPAK,2500
54495,SERVILLETA IMPRESA FUTBOL X 20 FESTCOPAK,2800
53535,SERVILLETAS BOCA X 20 OTERO,2900
50725,SERVILLETAS RIVER X 20 OTERO,3000
54471,STICKER FUTBOL X 24 FESTCOPACK,1500
54501,VASO POLIPAPEL FUTBOL X 8 FESTCOPACK,2500
2140,VISERA BOCA X 10 (TODO COLOR),300
25053,VISERA FUTBOL X 8 DISP ARGOS,200
598,SOMBRERO DE PAJA DEFLECADA COLOR.,9000
11362,SOMBRERO MEXICANO PAJA CHICO MULTICOLOR GO079,11000
51241,BANDERIN FELIZ CUMPLE HELLO X 1 KITTY OTERO,3100
51227,BOLSA DE DULCES HELLO KITTY X 10 OTERO,3200
1294,GORROS HELLO KITTY X 8 (REGINA) DISP,500
51173,MANTEL HELLO KITTY X 1 OTERO,7900
51166,PIÑATA DE CARTON HELLO KITTY X 1 OTERO,5500
51142,SERVILLETA HELLO KITTY X 20 OTERO,2900
51258,STICKER HELLO KITTY X 24 OTERO,1600
51135,VASO HELLO KITTY X 8 OTERO,3100
71362,JUGUETE SURTIDO P/PIÑATA X50 (PIERROT),1300
3974,JUGUETES SURTIDO X 30 PIERROT,700
06100,MINIATURA JUNIOR X 100 PATRIMAR,4900
09193,MINIATURA PARA PIÑATA X 100 (PATRIMAR).,2800
904,MINIATURA PARA PIÑATA X 200 (PATRIMAR),5000
06517,MINIATURA X 100 (PATRIMAR).,6900
02118,MINIATURA X 200 (PATRIMAR).,12500
06515,MINIATURA X 30 (PATRIMAR).,2500
06516,MINIATURA X 50 (PATRIMAR),3900
3198,SOMBRERO GATO ART 904 (PARTY),3000
6349,SOMBRERO HORMIGA COLORADA  CAK 5369,3000
09054,SOMBRERO LEON (ART 905) PARTY,3000
09264,SOMBRERO PAJARO URRACA/TUCAN (89).,3000
53227,CASCO SOLDADO ARMY DURO GO110 RIVAS,6500
FUNYI12,COMBO SOMBRERO FUNYI TEJIDO COLOR X12,28000
PANAMA12,COMBO SOMBRERO PANAMA X12,66000
VISERA12,COMBO VISERA RETRO VS COLORES X12,25000
00019,COWBOY ANIMAL PRINT TELA X1 (MEGASHOW),7500
2721,FARAONES (CHINGUEL)31,17000
34565,GALE DE PAÑO VERDE CON MARGARITA 134-56 M&M,7500
8737,GALERA ATLETICO TUCUMAN CON ESCUDO GANDALF,17000
8441,GALERA BOCA CON ESCUDO GANDALF,17000
7617,GALERA BOUCLE CON FLOR  MINOLI,5500
00014,GALERA BRILLO LAME MEGA SHOW,8800
53888,GALERA CON MANO DE ESQUELETO HD788 RIVAS,13500
7999,GALERA CREATIVA CANDY ROCKLETS/PALETAS X1 LOCA CABEZA,14500
58876,GALERA GLOWY ROS/CELE/BLANCA IRIDISENTE GO243 RIVAS,7000
9636,GALERA LUJO CON PLUMA METAL GANDALF,25000
5786,GALERA METAL CHICA CHINGUEL 8,13500
9635,GALERA METAL CON ESTRELLAS (CHINGUEL),22000
34517,GALERA NEGRA CON HILO FLUO 134-51 M&M,9500
40499,GALERA PAÑO SAN PATRICIO CON HEBILLA GO165,9500
40492,GALERA RIGIDA LUNAR X1,3500
8538,GALERA RIVER CON ESCUDO GANDALF,17000
9178,GALERA SAN MARTIN CON ESCUDO X 1 GANDALF,17000
8439,GALERA SAN PATRICIO CABEZA LOCA,10500
78766,GALERA SAN PATRICIO CON HEBILLA GO042,13500
361,GALERON CON LENTEJUELA GANDALF,18500
47955,GORRA BASEBALL FLUO GO203 RIVAS,4200
47894,GORRA CARNAVAL FLUO GO202 RIVAS,2700
05054,GORRA CON LENTEJUELAS IRIDISENTES MM205-04 M&M,11000
37681,GORRA DE LUXE CON PERLAS X 1,18000
57992,GORRA DORADA CON LENTEJUELAS GO230 RIVAS,8200
57930,GORRA DORADA MONEY MONEY GO224 RIVAS,18000
53883,GORRA FLUO GO016,3900
47979,GORRA GLAM METALIZADA COLORES VSX X 1 GO204/GO211 RIVAS,8500
58388,GORRA MIS 15 BLANCA CON STRASS GO236 RIVAS,15000
58371,GORRA NOVIA BLANCA XON STRASS GO235 RIVAS,15000
05037,GORRA VISERA CON LENTEJUELA METAL MM205-03 M&M,8500
8042,GORRA/BOINA CAPS FLUO MINOLI,2900
78896,GORRO AVIADOR AZUL GO055 RIVAS,7500
78902,GORRO AVIADOR MARRON GO056 RIVAS,7500
57398,GORRO DE POLICIA ROSA NEON GO218 RIVAS,7500
57428,GORRO ENFERMERA CON VISERA GO219 RIVAS,7900
46259,GORRO ESQUIMAL PELUCHE COLOR LISO M&M 168-14,28500
46891,GORRO ESQUIMAL PELUCHE MULTICOLOR M&M 168-14M,32000
78834,GORRO GRADUACIO/EGRESADO GO049 RIVAS,5600
58784,GORRO MARINERA ROSA GO241 RIVAS,12500
48044,GORRO PILUSO LISO FLUO GO206 RIVAS,4000
2623,GORRO PIRATA/RUMBERA/PEZ/CAPELINA/ARLEQUIN FLUO MINOLI,3000
8041,GORRO VIKINGO FLUO MINOLI,2800
79053,MINI GALERA CON GEMA Y PLUMA GO072 RIVAS,5000
79244,SOMBRERO BOMBERO DURO ROJO GO091 RIVAS,11000
79534,SOMBRERO BOMBIN DE PAÑO PREMIUM RIVAS GO105,6500
25066,SOMBRERO BOMBIN DE TELA FLUO  MM125-06 M&M,7800
57435,SOMBRERO BOMBIN PAÑO MARRON GO220 RIVAS,7500
7723,SOMBRERO BOTELLA GASEOSA CERVEZA CABEZA LOCA,14500
9404,SOMBRERO CAMISETA SAN MARTIN/ATLETICO CABEZA LOCA,14500
46743,"SOMBRERO CAPITAN FASHION ""MIS 15"" BLANCO GO183",59000
46736,"SOMBRERO CAPITAN FASHION ""MIS 15"" ROSA GO182",64500
46750,SOMBRERO CAPITAN FASHION NOVIA BLANCO GO184 RIVAS,59000
7901,SOMBRERO CARAMELO FLYNN PAFF CABEZA LOCA,12900
8605,SOMBRERO CARAMELO SUGUS- CABEZA LOCA,13500
06378,SOMBRERO CHINO DE BAMBOO X 1,17000
8734,SOMBRERO CHOCOLATE TITA X 1 LOCA CABEZA,12900
8032,SOMBRERO CHOP CABEZA LOCA,13900
7063,SOMBRERO COWBOY BRIDE CON ESTRELLAS DE STRASS,20000
7189,"SOMBRERO COWBOY CON PLUMA, CORONA Y LUZ",13500
46767,SOMBRERO COWBOY CON VELO NOVIA BLANCO GO185 RIVAS,25000
00007,SOMBRERO COWBOY DE COLORES CON PLUMA SIN CORONA,11000
06690,SOMBRERO COWBOY DE FELPA MARRON LOWCOST,11000
9279,SOMBRERO COWBOY DE SEDA BRILLANTE CON STRASS X 1,10500
58821,SOMBRERO COWBOY GLOWY BLANCO GO242BL,10000
4562,SOMBRERO COWBOY IRIDISCENTE CON LUZ LOW COST,20500
67013,SOMBRERO COWBOY LENTEJUELA VS COLORES X1,12900
00003,SOMBRERO COWBOY LISO CON GLITTER ROSA/PLATA MEGA SHOW,9500
7764,SOMBRERO COWBOY LOVE PERLAS Y DIJES MEGA SHOW,19000
00005,SOMBRERO COWBOY METALIZADO LISO DORA/PLATA MEGA SHOW,11500
000010,SOMBRERO COWBOY MULTICOLOR CON LUZ MEGA SHOW,16000
00017,SOMBRERO COWBOY PAÑO LISO MEHA SHOW,7000
00001,SOMBRERO COWBOY ROSA C/CORONA Y PLUMAS MEGA SHOW,12500
00002,SOMBRERO COWBOY ROSA CON LENTEJUELA Y CORONA MEGA SHOW,10500
00013,SOMBRERO COWBOY ROSAS HOLOGRAFICO HT-013,7900
5520,SOMBRERO COWBOY TEJIDO COLOR ECONOMICO X 1,3400
34503,SOMBRERO COWBOY TELA FLUO,12500
34597,SOMBRERO COWBOY VERDE SAN PATRICIO M&M,13000
9368,SOMBRERO DE EGRESADO PLASTICO TRIGGER PACK,1500
11829,SOMBRERO DE MARIO BROS/LUIGI CHICO MINOLI,3600
79268,SOMBRERO DURO POSA LATA 2523,15000
7828,SOMBRERO EGRESADO ACETATO MINOLI,5000
4090,SOMBRERO FUNYI DE SEDA BRILLANTE X 1,5300
02011,SOMBRERO FUNYI LAME METALIZADO MM202-01 M&M,9500
00025,SOMBRERO FUNYI TANGUERO GLITTER MEGA SHOW,5800
35249,SOMBRERO FUNYI TEJIDO COLOR ECONOMICO X 1,3000
5522,SOMBRERO FUNYI TEJIDO RAYADO BLANCO Y NEGRO X 1,2900
26363,SOMBRERO GANSTER NEGRO/BLANCO GO155 BL NE,3000
31058,SOMBRERO GUAPO/TANGO PAÑO,5000
00009,SOMBRERO JESSIE TOY STORY MEGA SHOW,8000
7722,SOMBRERO LATAS CABEZA LOCA,13900
78919,SOMBRERO MARINERO GO057 RIVAS,4600
8453,SOMBRERO MEXICANO FLUO MINNOLI,5500
79039,SOMBRERO MOSQUETERO NEGRO GO070,11000
00006,SOMBRERO PANAMA GO145,6600
78803,SOMBRERO PIRATA BICORNIO CON DORADO GO046 (PARTY STORE),5500
78773,SOMBRERO PIRATA PAÑO RIGIDO NIÑO 5456,3500
05554,SOMBRERO PIRATA SIMIL CUERO,8900
8898,SOMBRERO TANGO CON LENTEJUELA SIN LUZ,5800
9091,SOMBRERO TANGO FLOCK NEGRO/COLOR AFELPADO,2000
78407,SOMBRERO TANGO MULTICOLOR CON LENTEJUELA GO006,4000
55163,SOMBRERO TANGO PAÑO DURO TRIGGER,1500
60570,SOMBRERO TEJIDO RAYAS JAMAICA HS,8800
79022,SOMBRERO TIROLE OCTOBER FEST GO069 RIVAS,16000
3563,SOMBRERO TIROLES VERDE/NEGRO MEGA SHOW,7500
8795,SOMBRERO TORTA DE BODAS LOCA CABEZA,500
00022,SOMBRERO VAQUERO CON GLITTER DORA/NEGRO MEGA SHOW,9500
78933,SOMBRERO VAQUERO MARRON SHERIF GO060,7000
78940,SOMBRERO VAQUERO NEGRO SHERIFF X1 (GO061),7000
55170,SOMBRERO VAQUERO ROSA SHERIF X 1,6000
46699,VINCHA NOVIA CON PERLAS Y VELO BLANCO VI25 RIVAS,31000
46705,VINCHA NOVIA DE SEDA CON PERLAS VI26 RIVAS,13000
7160,VISERA DE TELA METALIZADA CHINGUEL,2900
46774,VISERA NOVIA CON PERLAS BLANCA GO186 RIVAS,22000
8003395,VISERA RETRO VS COLORES X1 GO146,2800
7773,VISERA TELA CON ELASTICO FLUO MINOLI,1800
01167,ANTEOJO CON VINCHA HAPPY BIRTHDAY,2500
CAMISETA6,COMBO VINCHA CAMISETA X6,7800
DIABLITA12,COMBO VINCHA CUERNO DIABLITA C/LUZ X12,18000
FLORESDA418,COMBO VINCHA FLORES DA418D X 12,17000
FRESEARG6,COMBO VINCHA FRASE ARGENTINA X6,7800
108000,COMBO VINCHA LUZ CON FLORES X10 NUEVO,15000
9964,VINCHA 3 ROSAS  CON LUZ FLOWER TIME,8800
8975,VINCHA 3 ROSAS CON PLUMA FLOWER TIME,14000
5577,VINCHA 3 ROSAS CON TUL X 1,14500
4551,VINCHA 3 ROSAS FLOWER TIME,6500
8343,VINCHA ANIMALITO CON NARIZ INCLUIDA 23CS001,500
50009,VINCHA BIRRA X 6 (TRIGGER),8500
03017,VINCHA CON FLOR GOMA EVA CON LUZ YJ0411,2600
5136,VINCHA CON MOÑO DE TELA FEMINIX,1200
50801,VINCHA CON MOÑO FLUO X 6 (TRIGGER).,5500
50100,VINCHA CON OREJAS DE CONEJO CEL (TRIGGER).,2000
50107,VINCHA CON OREJAS DE CONEJO ROSA (TRIGGER).,2000
50207,VINCHA CON OREJAS DE MICKEY (TRIGGER PACK),2000
50603,VINCHA CON OREJAS RATONA (5060)(TRIGGER).MINNIE,2000
58326,VINCHA CON PINCHOS PLATEADOS VI50 RIVAS,16000
7800,VINCHA CON RESORTE Y ARAÑAS/CALABAZA,2000
50219,VINCHA CONEJO ROSA PELUCHE MM55-21 M&M,2600
050023,VINCHA COPA Y CHAMPAÑA X 6 (TRIGGER),11000
51889,VINCHA CORONA DORADA VI01,700
9963,VINCHA CRISANTEMOS X 5 FLOWER TIME,10900
6919,VINCHA CUCHILLO TRIGGER,2000
2359,VINCHA CUERNO DIABLITAS (5056)(TRIGGER).,2000
50391,VINCHA CUMBIA TRIGGER PACK X 6,8500
50368,VINCHA ETIQUETADO FRONTAL TRIGGER PACK X6,8500
5504,VINCHA FELIZ CUMPLE DORADA/PLATA X 1,2500
9843,VINCHA FELIZ CUMPLE PERLA TORNAZOLADA Y340-VI145,3000
050016,VINCHA FERNET (TRIGGER) X6,11000
50894,VINCHA FLOR DOBLE X 6 (TRIGGER PACK),9200
503377,VINCHA FRASE PENSAMIENTO TRIGGER X 6,7500
71344,VINCHA HAPPY BIRTHDAY CON GLITTER X 1,2600
7733,VINCHA JIRAFA TRIGGER,2000
58432,VINCHA LUJO BLANCA CON PINCHOS VI41 RIVAS,17000
58333,VINCHA LUJO LED CON PINCHOS DORADOS VI51 RIVAS,32000
68458,VINCHA MINNIE TELA NEGRA,2000
4432,VINCHA MIS 15 AÑOS BLINDER,7000
58463,VINCHA MIS 15 PERLADA VI42 RIVAS,27000
5347,VINCHA MOTOSIERRA TRIGGER PACK,2500
7792,VINCHA OREJAS DE BURRO 5045 TRIGGER,2000
7793,VINCHA OREJAS GATO NEGRA 5012 (TRIGGER),2000
3204-10,VINCHA PLUMA CON LUZ,2000
8074,VINCHA PRIMAVERA 3 FLORES (CHINGUEL),3900
7985,VINCHA PRIMAVERA 3 FLORES METAL CHINGUEL,4600
503444,VINCHA RED SOCIAL X 6 TRIGGER PACK,8500
057060,VINCHA RENO ENCANTADO V135 RIVAS,3900
55189,VINCHA RESORTE CON TRIDENTE TRIGGER,2000
50233,VINCHA RESORTE SAN PATRICIO TREBOL MM55-23 M&M,1700
55249,VINCHA SAN PATRICIO GALERITA MM55-24 M&M,3500
24543,VINCHA SAN PATRICIO MINI GALERA CON TREBOL GO149,5800
7735,VINCHA SAPO TRIGGER,2000
6918,VINCHA SERRUCHO TRIGGER,2000
2356,"VINCHA SURTIDA UN,(RODRIGUEZ).MOLDINPLAST",1000
2335,VINCHA SURTIDAS  FLUO X 6 TRIGGER,6000
11122,VINCHA TEAM BRIDE METALIZADA,1900
18765,VINCHA TELA FLOR FLUO X1 FLOWER TIME MARGARITAS,2500
7791,VINCHA TIGRE GATO LEOPARDO 5011 TRIGGER,2000
050030,VINCHA TRAGO LARGO TRIGGER X 6,8000
5424,VINCHA UNA FLOR BLANCA ZLE-CV-55-01,2000
56686,VINCHA UNICORNIO FLEQUILLO/COLITA AC211/AC212 RIVAS,4800
9606,VINCHA UNICORNIO X 1 TRIGGER,2000
50428,VINCHA UPD X 6 TRIGGER PACK,7500
050177,VINCHA VACA OREJAS Y CUERNOS (TRIGGER PACK),2000
50314,VINCHA VAMPIRINA (TRIGGER PACK),2000
11429,VINCHA Y ANTEOJO FELIZ CUMPLE,4300
9912,VINCHAS CON FLORES DE SEDA X 1,4000
03543,VINCHAS FLOR TELA FLUO X12,5500
VINCHAS4,VINCHAS SURTIDAS X 4 (COMBO) RODRIGUEZ,3000
22,ANILLO CRISTAL CON LUZ,1000
02515,ANTEOJO BORDE LUMINOSO X1 ILUMINA MARCO CON HILO LED,4500
7661,ANTEOJO CON LUZ REDONDO 6 LED 1209,1900
45518,ANTEOJO CORAZON LUMINOSO A PILAS,14000
45494,ANTEOJO ESPECIAL C/LUZ Y PILAS RAYBAN/CABLE,9500
12669,ANTEOJO ESPECIAL PIXEL LED A PILAS 1266 BLINDER,16500
66356,ANTEOJOS LUMINOSOS  NEON,800
54212,CAPA LED PRINCESA MARAVILLA ROSA AC719 RIVAS,19500
33217,CAPA METALIZADA CON LUZ 1 X 2 MTRS,67000
54607,CARETL NEON HAPPY BIRTHDAY CON LUZ,55000
60223,CARTEL FELIZ CUMPLE NEON BLANCO ZLE-NFLE-05-01,32000
60216,CARTEL FELIZ CUMPLE NEON CALIDO ZLE-LNFE-05-01,32000
5095,CARTEL LED FELIZ CUMPLE ZLE-LNFE-01,95000
08332,COLERO CON LUZ X 1,1600
3649,COLGANTE CARITA PELOTA CON LUZ,1000
06155,COLLAR CON FLOR HAWAIANO CON LUZ,3200
COLERO12,COMBO COLERO CON LUZ X12,16000
CORLUZ12,COMBO CORBATA CON LENTEJUELAS Y LUZ X12,25000
MOÑOLUZ,COMBO MOÑO CON LUZ Y LENTEJUELA X12,22000
CONEJOLED12,COMBO VINCHA CONEJO PELUCHE C/LUZ X12,20000
COLED12,COMBO VINCHA CORONITA CON LUZ X12,24000
5566,CORBATA PALIET/LENTEJUELA CON LUZ,2500
93445,CORONA PRINCESA GLITTER CON LUZ X 1,2700
52237,GLOBO BURBUJA CON LUZ LED MULTICOLOR,4500
03680,GUANTE LUMINOSO YJ0497,9500
12690,LENTE ELECTRONICA LED TRANSPARENTE 1269 BLIINDER,9900
47542,LENTES 8 BIT LED CON CABLE A PILAS XLL RIVAS,10000
8591,LINTERNA LASER CHICA LUZ LED X 12,17500
8392,LLAVERO LINTERNA CHICO CON LUZ X 12,5500
7546,LLAVERO LINTERNA GRANDE CON LUZ X1,600
35258,LUMINOSO NO FUNCIONA CORBATA MOÑO COLLAR,1000
ZLE-LNFE-02,MARIPOSA LED 69 CM CALIDA/AZUL,190000
7624,MASCARA LUMINOSO NO FUNCIONA,6000
7819,MECANISMO LED AUTOADHESIVO X 1,1300
9226,MOÑO CON LENTEJUELA CON LUZ X 1,2200
4342,NARIZ PAYASO CON LUZ CAK 1043,1000
3169,PITO CON LUZ CAK 013,1100
05493,PULSERA GOMA LED YJ0676,1800
3170,PULSERA NEON 2 COLORES X 50 TUBO,6000
8976,REPUESTO PARA ROMPECOCO CON PILAS X 1,750
7446,SILBATO SMILE CON LUZ,1300
4318,TUBO CON LUZ DE GOMA ESPUMA JOTABE,1800
2684,VASO CON LUZ TRAGO LARGO (LUCA PLASTIC RISATA 53616,2500
06216,VINCHA CON FLOR HAWAIANA CON LUZ,2800
4113,VINCHA CON LUZ FIBRA OPTICA JB 3001,2000
15102,VINCHA CONEJO PELUCHE C/LUZ X1 JOTABE,2000
8929,VINCHA CORONITA CON LUZ,2700
76304,VINCHA CUERNO DIABLO CON LUZ,2000
45895,VINCHA MOÑO CON LUZ,2600
39875,VINCHA OJOS DE SAPO C/LUZ,2900
76305,VINCHA RENO CON LUZ,2800
8000,VINCHAS LUZ CON FLORES X 1,2000
3646,YO YO CARITA CON LUZ HIPO,1000
7918,GEL CON GLITTER X 65GS,3500
738,GIBRE X 3 GR.,1000
92953,"GLITTER 15GR BODY,HAIR&NAILS PINTAFAN",1800
9878,GLITTER EN PASTA X1 2GRS PINTAFAN,1500
31578,GLITTERS BRILLO EN AEROSOL X 120CC,2500
71875,KIT MAQUILLAJE CON GLITTER Y STENCIL PINTAFAN,4000
71844,KIT MAQUILLAJE CON SANGRE Y STENCIL PINTAFAN,4000
07547,LABIAL METALIZADO X5GR. DORADO ARTELIGHT X1,600
7915,LAPIZ LABIAL FLUO,2200
8007,LAPIZ LABIAL NIÑO X1,350
7687,MAQUILLAJE ARTISTICO 2GRS X1 FLUO/COMUN PINTAFAN,1500
7796,MAQUILLAJE ARTISTICO CON GLITTERS 4GS,1500
29645,MAQUILLAJE BICOLOR FLUO/HALLOWEN X2 (MAMASH),2000
7799,MAQUILLAJE CREMA POMO FLUO/COMUN X 10GRS,250
72247,PINTURA BOTE X 250 ML ARTELIGHT,3000
72788,PINTURA EN POLVO PARA CARA X1,1000
00101,PINTURA FACIAL X 12,1500
35352,PINTURA PARA LA CARA FLUO X 4 PINTAFAN,4000
93912,PINTURA PARA LA CARA X 2 PINTAFAN,2000
7316,PINTURA PARA PELO EN AEROSOL (AEROCOR),3500
8533,PINTURA X BOTE 500 ARTELIGHT,4500
35796,SANGRE ARTIFICIAL X 20CC,2000
03313,SET ESPONJA PARA MAQUILLAJE X 2,2600
938507,SET TAPONADOR MAQUILLAJE X 3 PINTAFAN,1200
91649,STRASS AUTOADESIVO  PARA LA CARA CHICO,1500
72558,STRASS PARA LA CARA POR PLANCHA X 30 TIRAS,2000
2793,ANTEOJO VIROLA HARRY,1800
85011,AUREOLA LUZ BLANCA/NEGRA X 1,3500
85028,AUREOLA PLUMAS BLANCA/NEGRA X1 RIVAS AC174 /BLINDER,3000
00176,BANDA ME RECIBI X 1,2500
40376,BARBA CAPITAN BIG04,3000
7744,BASTON/VARITA MAGO *LARGA* MIC MAC,2500
54922,BELLO DE VIEJO AC741,2500
5246,BOA DE PLUMAS MULTICOLOR (ART 708),10000
4559,BOA PLUMA FINITA CON PELITO PLATEADO,2500
6778,BOA PLUMA MEDIANA,7500
59632,BUCANERA MULTICOLOR 1 PAR AC574 RIVAS,6500
388,CARETA BATMAN TRIGGER/REY CARIOCA,2000
447,CARETA TELA ARAÑA (HOMBRE ARAÑA)TRIGGER,2000
53241,CASCO CARRERA GO112,11000
8572,CASCO CONSTRUCTOR (TRIGGER PACK),2000
78995,CASCO ESPARTANO GO066 RIVAS,16000
53333,CASCO GLADIADOR GO118,16000
53371,CASCO MEDIEVAL GO119 RIVAS,14500
53210,CASCO MILITAR CAMUFLADO DURO RIVAS GO111,9000
1059,CASCO SOLDADO CAMUFLADO (REY CARIOCA)TRIGGER,2000
79008,CASCO SOLDADO ROMANO CRESTA PLUMA ROJA GO067 RIVAS,18000
34160,CASCO YELMO GO117 RIVAS,14500
57411,COFIA VELO DE MONJA AC773 RIVAS,8000
6499,COLLAR PERLAS METALIZADAS 3149 PARTY,300
GUANTE12,COMBO GUANTE RED FLUO X12,12000
54583,CORONA DE LAURELES DORADOS AC202,5500
67758,CORPIÑOS HAWAI (COTITODO-SOLMEYA),2500
19012,ESPOSAS METALIZADAS,3800
1416,GORRO BAÑO,1000
03064,GORRO CAPITAN FLOREADO ROSA/VERDE LOW COST,7500
41699,GORRO COCINERO  FRISELINA FV6-43-01,3500
34294,GORRO DE POLICIA AZUL 059,9900
914,GORRO EGRESADO (HERRERA).,2000
03241,GUANTES CHARLESTON NEGRO 55CM AC611 RIVAS,5000
58104,GUANTES CORTO PLATEADO PAR AC774 RIVAS,5500
58111,GUANTES CORTOS DORADO AC775 RIVAS,5500
41670,GUANTES DE RED LARGO NEGRO AC635 RIVAS,2500
03673,GUANTES LARGOS BLANCO/NEGRO,3500
04922,GUANTES RED SIN DEDOS FLUO YJ0619,1200
23727,JERINGA GIGANTE 2372,400
29161,MASCARA DE GAS DURA X 1 129-16 M&M,7500
00643,MASCARA/CARETA BATMAN DURA 13,4500
64887,MEDIA BUCANERA,5000
73280,NARIZ DE PAYASO GOMA ESPUMA.,1500
56716,NARIZ PAYASO LATEX CON CHIFLE AC139 RIVAS,3000
55207,OREJAS ELFA GOMA AC127 RIVAS,3500
54632,PARAGUA CHINO DE PAPEL BLANCO CHICO PARCH RIVAS,6000
54649,PARAGUA CHINO DE PAPEL GRANDE PARGR RIVAS,10000
5491,PARAGUA PLASTICO CHICO DE COLOR CON LUNARES X 1,1000
60251,PARAGUA ROSA CON FLECO CON LED 82CM XLPA01 RIVAS,65000
39666,PARAGUAS CHINO GRANDE TELA (CHINOS),18000
09014,PECHERA PLASTICA BOMBERO X 1 TRIGGER PACK,4000
09016,PECHERA PLASTICA MILITAR X 1 TRIGGER PACK,4000
09015,PECHERA PLASTICA POLICIA X 1 TRIGGER PACK,4000
54675,PIPA SHERLOCK AC142 RIVAS,3500
54628,POLLERA HAWAI 40CM CAK2010,4000
26769,POLLERA HAWAIANA PALMAS AC499 RIVAS,10000
13554,POLLERA TU TU ADULTO BLANCO CON GIBRE X 1 AC528,7900
59533,POLLERA TU TU FLUOR ADULTO X 1 AC 525,6500
5557,POLLERA TU-TU  MULTICOLOR/FROZEN BLINDER,5000
9331,POLLERA TUTU CON LUZ CHICO,5500
7877,SET BOMBERO MIC MAC,12000
02720,SET CABALLERO C/ESCUDO Y DOS ESPADAS X1,5500
58122,SET COCINERO FRISELINA/TELA - NIÑO/NIÑA,10500
01117,SET CONEJO DE PIEL X 1,5500
550214,SET DALMATA VINCHA COLA Y MOÑO,4800
70077,SET ENFERMERA DELANTAL Y COFIA,19000
50110,SET GATO 3 PIEZAS 1818,4900
70024,SET HARRY POTTER CORBATA ANTEOJ Y VARITA,12500
7876,SET INDIO MIC MAC,11000
50221,SET JIRAFA CON MOÑO Y COLA 55-01 M&M,4500
1035-5,SET KUROMI POLLERA VINCHA Y VARITA,18500
9648,SET ODALISCA POLLERA Y CORPIÑO CON MONEDAS,12500
7879,SET POLICIA MIC MAC,12000
U23-93,SET PRINCESA FROZEN CON TUTU U23-93,18500
7878,SET REY REINA MIC MAC,12000
09993,SET SIRENA TU TU VINCHA Y VARITA,12000
7880,SET SOLDADO MIC MAC,12000
56580,SET TIGRE/LEOPARDO 3 PIEZAS,4900
7734,SET VACA 3 PIEZAS,4900
78926,SOMBRERO CAPITAN GO058 RIVAS,10500
40512,SOMBRERO GAUCHO ARGENTINO GO166 RIVAS,9000
7982,SOMBRERO PAPA VATICANO PLASTICO TRIGGER,500
01041,SOMBRERO POLICIA PLASTICO X 1 TRIGGER PACK,1500
07354,SOMBRERO TIROLE SAN PATRICIO C/PLUMA BLANCA LOW COST,9000
1905,SOMBRERO ZORRO PLASTICO GAMUZA X 1,3000
44011,SOMBRILLA DE ENCAJE BLANCA MEDIANA X 1,25000
35825,SOMBRILLA DE TUL MINI MINI X 1,5000
8937,SOMBRILLA ENCAJE GRANDE VS COLORES X1,29000
63408,SOMBRILLA TUL CON LENTEJUELAS GRANDE 35 CM,15000
58210,TIRADOR DORADOS DE LENTEJUELAS AC785 RIVAS,5600
60667,TIRADOR FLUO,3500
59588,TIRADOR MULTICOLOR AC554,4200
70012,VARITA MAGICA HARRY X 1,3500
54859,VARITA MAGO *CORTA* MIC MA/ AC122 RIVAS,2500
13622,VELO NOVIA BLANCO/NEGRO AC224/5,3500
12030,VINCHA CONEJO PELUCHE OREJA TORNASOLADA X 1,2000
31327,VINCHA DE NOVIA RASO VELO CON LUZ,8500
78872,VINCHA ENFERMERA DE FRISELINA GO053 RIVAS,2600
3185,VINCHA INDIO (RISATA).,1500
2291,VINCHA INDIO CARTON OFERTA.,500
9048,VINCHA INDIO GOMA EVA OFERTA X 1,500
2386,VINCHA INDIO MIC-MAC,1000
6811,ACCESORIO PIRATA  MIC-MAC,1500
30018,ANTEOJOS DE PAPEL HALLOWEN X6 LEPHA,2000
57527,ANTEOJOS DIABOLICOS ECO HD480 RIVAS,2200
57534,ANTEOJOS DRAKO ECO HD481 RIVAS,2200
57541,ANTEOJOS MULTIOJOS ECO HD482 RIVAS,2200
7487,ANTIFAZ CARETA DIABLITA 3021 TRIGGER,2000
53130,ARAÑA PELOS VERDE FLUO HD738 RIVAS,12000
56889,ARAÑA TINSEL CHICA HD864 RIVAS,4300
9476,ATAUD HALLOWEEN X 1 TRIGGER PACK,15600
24178,BALDE CARAMELERA CALABAZA NARANJA HD010 RIVAS,4700
45159,BALDE DE PAPEL CALABAZA HD353 RIVAS,3200
22935,BANDERIN FELIZ HALLOWEEN BLINDER 2293,3500
26042,BATE DE BASEBALL HARLEY QUINN GOAC25 RIVAS,13000
02032,BATE DE BEISBOL HALLOWEEN 60 CM YW14-020,5500
37291,"CALABAZA ""OJOS DIABLOLICOS"" CON LUZ HD034",35500
18969,CALABAZA COLGANTE CON LUZ JOTABE,3500
24581,CALABAZA VIOLETA CHICA X 1 HD004 RIVAS,3000
37581,CALAVERA DE LA ANTIGUEDAD 21CM HD061 RIVAS,17400
5827,CALAVERA DE PLASTICO X 3 PATRIMAR,4800
8615,CALAVERA PARA COLGAR NEGRA METAL,4000
7505,CALAVERA PLASTICA X 2 PATRIMAR,3500
4431,CALDERO NEGRO CON MANIJA HALLOWEN MIC MAC,1800
5633,CAPA HARRY POTTER ACETATO AZUL,37000
7027,CAPA HARRY POTTER TAFETA AZUL,28000
8321,CARAMELERA CALABAZA GRANDE CON SOMBRERO MIC MAC,1500
5010,CARAMELERA FANTASMA/CRANEO X 1,2000
8745,CARETA BEBE TERROR TRIGGER PACK,2000
392,CARETA CALABAZA (TRIGGER PACK) 3265,2000
7584,CARETA CALABAZA CON TELA,5000
9558,CARETA CALACA MEXICANA TRIGGER,2000
406,CARETA CALAVERA BLANCA ECONOMICA TRIGGER,2000
29076,CARETA CALAVERA DURA CON ELASTICO MM129-07 M&M,4000
387,CARETA CALAVERA DURA CON TELA,4500
8307,CARETA CALAVERA NEGRA TOTAL BLACK TRIGGER,2000
4380,CARETA DARTH VADER (STAR WARS) X1 HERRERA,2000
3295,CARETA DE BRUJA (3245).(TRIGGER PACK),2000
9801,CARETA DE LA CASA DE PAPEL TRIGGER,2000
9549,CARETA DE MONJA TRIGGER,2000
3347,CARETA DE MUÑECO CHUKY (3281)(TRIGGER).,2000
402,CARETA DRACULA (TRIGGER PACK).,2000
412,CARETA FRANKENSTAIN TRIGGER PACK,2000
414,CARETA FREDDY KRUEGER (TRIGGER),2000
7041,CARETA GUASON PLASTICA TRIGGER X 1,2000
9457,CARETA HANNIBAL  HERRERA,2000
423,CARETA HOMBRE LOBO (TRIGGER),2000
8812,CARETA LIDER CALAMAR X 1 TRIGGER,2000
425,CARETA MARTES 13 JASON TRIGGER,2000
4410,CARETA MICHAEL MAYERS HALLOWEEN TRIGGER PACK,2000
5121,CARETA NEGRA LISA TOTAL BLACK TIGGER,2000
04496,CARETA PAYASO IT DURA X1,4000
8568,CARETA PAYASO TERROR (TRIGGER),2000
9202,CARETA PAYASO TERROR GOMA EVA CON PELO,3500
8571,CARETA PELUCA MILEI PELUCA X1 TRIGGER,2000
437,CARETA PLAST MOMIA/ZOMBIE/FANTASMA/SCREAM FLUO TRIGGER,2000
430,CARETA PLAST. BLANCA TRIGGER,2000
7620,CARETA PLASTICA DE LA PURGA VS MODELOS TRIGGER,2000
5471,CARETA PLASTICA DEADPOOL TRIGGER PACK,2000
4400,CARETA SATANICA (DIABLO GRANDE)TRIGGER,2000
4406,CARETA SAW (CARETA BLANCA C/ CIRCULITO ROJO)TRIGGER,2000
46590,CARETA SAW DURA JUEGO DEL MIEDO AC433 RIVAS,4000
15243,CARETA SCREAM DURA CON LUZ MM15-24 M&M,13000
410,CARETA SCREAM MOVIE LENGUA(TRIGGER PACK).,2000
442,CARETA SCREAM TRIGGER PACK.,2000
413,CARETA TERRIFIER TRIGGER PACK,2000
7732,CARETA VENDETA V DE VENGANZA ECONOMICA TRIGGER,2000
715612,CARETA/MASCARA PURGA DURA X1,3700
55047,CARETA/MASCARA SCREAM CON TELA RIVAS,2500
90005,CARTEL/MURAL HALLOWEEN TRIGGER PACK,4500
53258,CASCO GALACTICO BLANCO STAR WARS GO113 RIVAS,33000
26059,CASCO GALACTICO NEGRO STAR WARS GO156 RIVAS,36000
02298,CORTINA A CUADRO HALLOWEEN 1 X 2 MTROS,3000
02272,CORTINA HALLOWEEN 1 X 20 METROS X 1,3200
02218,DECORACION MURCIELAGO 3D X1,2900
37598,DEVORADOR DE ALMAS CON LUZ HD062,77000
6903,DISFRAZ BRUJA ARAÑA T6 T8 MIC MAC,22000
656,DISFRAZ BRUJA COMBINADA GRANDE MIC MAC.,2500
7910,DISFRAZ BRUJA CORTO CON CALAVERA Y TUL CROSTI,20000
7521,DISFRAZ BRUJA ESPECIAL CON TUL AZUL,22500
663,DISFRAZ OFERTA HALLOWEN,12000
7525,DISFRAZ PIRATA ESPECIAL MUJER AZUL,18000
8704,DISFRAZ PIRATA ESPECIAL VARON T: 1/2/3 CROSTI,25000
7737,DISFRAZ PIRATA MUJER TU TU CROSTI,24000
6638,DISFRAZ PIRATA/COWBOY OFERTA,10000
9952,ESQUELETO COLGANTE (PATRIMAR),2500
24987,ESQUELETO PLASTICO ARTICULADO 70CM HD022 RIVAS,21000
80006,GARRA FREDDY PLASTICA X1 TRIGGER,2000
29784,GUIRNALDA CALAVERA 300CM GUH03-2 RIVAS,3500
24444,GUIRNALDA CUCHILLAS SANGRIENTAS X1 HD002,8500
03414,GUIRNALDA DE CALABAZAS CON LUZ X 10,12000
45104,GUIRNALDA GATOS 3.60 MTS GUH19,4500
22360,GUIRNALDA HALLOWEEN VARIAS FORMAS CALAB/MURCI/BRUJA BLINDER,3000
53963,HEBILLAS DIABLA GLITTER X 2 HD796 RIVAS,3500
37321,LAPIDA CEMENTERIO CHICA HD037,35000
HD015,LAPIDA CON FANTASMA SONIDO Y LUZ 54X38X9 HD015 RIVAS,78500
37338,LAPIDA RITUAL DE VELA 4 LED A PILAS HD038 RIVAS,76000
38953,LENTES SANGRIENTOS X1 LE26,3000
15422,MASCAR HOMBRE LOBO  CON LUZ X 1 M&M,22000
07831,MASCARA CALABAZA DURA YJ0910,3500
07916,MASCARA CALAVERA LED YJ918,8500
07855,MASCARA CONEJO MALO CON LUZ,12800
7439,MASCARA DE BRUJA VERDE CON TELA,5000
03277,MASCARA DE LA PURGA CON LUZ YJ0430,9500
7190,MASCARA DURA OSO PANDA TERROR,9000
07862,MASCARA OSO TEDDY MALO CON LUZ,12800
90095,MASCARA TERROR DE TELA X 1,3500
55397,MASCARA V DE VENGANZA DURA BLANCA/NEGRA 5539,2500
15481,MASCARA VENOM CON LUZ X 1 M&M,25000
10423,MEDIA FRENTE MALEFICA X1 TIGGER PACK.,2000
8359,MUÑECO FANTASMA CALAVERA HALLOWEEN CON LUZ Y SONIDO,15000
8358,MUÑECO FANTASMA CON SOMBRERO CON LUZ Y SONIDO,15000
90119,NARIZ DE BRUJA LATEX,3200
1330,NARIZ HALLOWEEN LATEX,150
2366,PARCHE MIC-MAC,1000
54021,PLANCHA DE STICKER TELARAÑA PARA VENTANA HD802 RIVAS,2000
91299,PLANCHA DE TATUAJES HALLOWEEN,2500
10818,POSTER MOVIL BRUJA ARTICULADA X 1 GM,4000
10825,POSTER MOVIL ESQUELETO ARTICULADO X 1 GM,4000
01844,SET DIABLITA CUERNO COLA Y MOÑO,4000
5519,SET DIABLO  2398,4000
1967,TELA ARAÑA MEDIANA BLANCA/NEGRA 20GRS,1500
56511,TELA ARAÑA TELA BLANCA/NEGRA DECORATIVA 3.6MT,6000
01928,VINCHA VIBORITAS MEDUSA,11000
205,Baston Con Cabeza,500
2317,CACHIPORRA (MIC MAC),3000
7866,CUCHILLO CLASICO (MIC-MAC).,3000
698,ESCOBAS (MIC-MAC).,9900
2637,ESCOPETA,6000
57213,ESPADA ENCANTADA GOAC61 RIVAS,16500
5247,ESPADA FLORETE MANGO DORADO ART 400,3500
4473,ESPADA MOSQUETERO PUÑO DORADO,4800
783,GARFIO PIRATA (MIC-MAC,3000
994,Guadaña (Mic-Mac).,3500
995,GUADAÑA CON CALAVERA MIC MAC,4500
507,HACHA DOBLE CON CALAVERA MIC MAC,4600
1031,HACHA INDIO (MIC-MAC).,3500
1035,HACHA NEGRA CHICA/GRIS (MIC-MAC).,3500
1044,HOZ PLASTICA CAK 4024,4500
1120,Lanzarda (Mic-Mac).,4500
8053,LLAVE INGLESA SANGUIENTA MIC-MAC,3000
8338,MACHETE SANGUIENTO MARTES 13 MIC-MAC,3000
7207,MOTOSIERRA SANGRIENTA MIC MAC,4500
2022,TRIDENTE CHICO MIC MAC,2000
2019,TRIDENTE GRANDE(MIC-MAC),3500
341,CAPA CON CAPUCHA ADULTO,11000
342,CAPA CON CAPUCHA NIÑO,10000
347,CAPA DE DIABLO ADULTO (CROSTI).,10000
344,Capa de Diablo niño (Crosti).,9000
6908,CAPA DIABLO ADULTO T3 MIC MAC,10500
356,CAPA DRACULA ADULTO T 1 CROSTI/MIC MAC,10000
350,CAPA DRACULA NIÑO  T 10 CROSTI/MIC MAC,9000
4165,CAPA NEGRA CON PELUCHE DIABLO SATIN VARIAS,3000
340,CAPA NEGRA DE BRUJA NIÑO X1 CROSTI,9000
339,CAPA SUPER HEROES NIÑO VS MODELOS X1 CROSTI,6500
900,TUNICA ANGEL C/ MANG DORADA T3/6  7/10(MIC MAC),15000
5112,TUNICA ANGEL T.1 CROSTI,15000
5110,TUNICA ANGEL T.2 CROSTI,15000
02362,CARETA DE LATEX PIRATA/PIRATA ZOMBIE RISATA,4500
53050,MASCARA DE LARTEX RAPTOR LMM21 RIVAS,88000
73785,MASCARA DE LATEX BRUJA VERDE CON PELO BLANCO LM09,25500
53005,MASCARA DE LATEX DRAGON ROJO LMA25 RIVAS,15000
00844,MASCARA DE LATEX DRAGON VERDE LMA29 RIVAS,29000
53659,MASCARA DE LATEX MILEI LIBERTARIO LMPE16 RIVAS,33000
01018,MASCARA DE LATEX PAYASO IT LMPA04 RIVAS,52000
53029,MASCARA DE LATEX TRICERATOPS LMA27 RIVAS,28000
79367,GORRO BRUJA MALEFICA GO103,16000
78674,SOMBRERO BRUJA CON HEBILLA RIVAS GO033,8000
8603,SOMBRERO BRUJA NEGRO CON DIBUJO,3000
78483,SOMBRERO BRUJA NEGRO GO014,3000
40611,SOMBRERO BRUJA POR LA LUNA GO171 RIVAS,4500
7771,SOMBRERO BRUJA ROJO CON LUZ JOTABE,6000
4411,SOMBRERO BRUJA TRANSPARENTE C/DIBUJOS DORADO/PLATA CAK 4071,2500
78599,SOMBRERO DE BRUJA ANACLETA VIOLETA IRIDISCENTE GO025 RIVAS,4500
40598,SOMBRERO DE BRUJA CARTOONS GO170 RIVAS,4500
186,BANDERA PLASTICA 15X25.,250
2932,BASTON CABALLERO PUNTA DORADA (MIC-MAC).,2500
206,BASTON CURVO CABALLERO(MIC-MAC),2500
38329,BICORNIO PATRIO ECONOMICO X1 MIC-MAC,6000
242,BOINA DE GAUCHO CROSTI MIC MAC,4000
286,BOMBACHA DE GAUCHO/PANTALON/CAMISA,6500
7671,CHALECO GAUCHO,4500
8104,DAMA ANTIGUA ESPECIAL T:1 CON VOLADO Y ENCANJE CROSTI,39900
8858,DAMA ANTIGUA ESPECIAL T:3 CON VOLADO Y ENCAJE CROSTI,39900
2363,DELANTAL CON VOLADO,3500
1986,DISFRAZ CABALLERO T 10 MIC MAC,21000
1985,DISFRAZ CABALLERO T 6 MICMAC,21000
3939,DISFRAZ CABALLERO TALLE 4 MIC MAC,21000
3938,DISFRAZ CABALLERO TALLE 8 MIC MAC,21000
6696,DISFRAZ COYA MUJER T 4 MIC-MAC,20000
8471,DISFRAZ COYA MUJER T 6 MIC-MAC,20000
8894,DISFRAZ DAMA ANTIGUA ADOLECENTE T: 1 MIC MAC,25000
9256,DISFRAZ DAMA ANTIGUA ECONOMICO T: 0/1/2 CROSTI,25000
1991,DISFRAZ DAMA ANTIGUA ECONOMICO T: 3/4,25000
8854,DISFRAZ DAMA ANTIGUA ESPECIAL T:2 MITONES Y MANTILLA CROSTI,26500
3254,DISFRAZ DAMA ANTIGUA TALLE 10 MIC MAC,25000
8467,DISFRAZ DAMA ANTIGUA TALLE 8 MIC MAC,25000
1861,DISFRAZ GAUCHO T 4 MIC MAC,22000
8477,DISFRAZ NEGRITO T 4 MIC-MAC,20000
6700,DISFRAZ NEGRITO T 6 MIC-MAC,20000
2492,DISFRAZ OFERTA PATRIO,8000
83635,DISFRAZ PATRIO OFERTA FRISELINA,8000
7675,DISFRAZ VESTIDO NEGRITA ESPECIAL CROSTI,28000
729,Faja de gaucho (Crosti).,2800
3966,GALERA NEGRA CON CINTA GRANDE (HERRERA),2000
78445,GALERA PAÑO NEGRA,8000
40371,GORRO BICORNIO DE SAN MARTIN FRISELINA CREACIONES TRIES,4500
5787,GORRO COYA NENA CON TRENZAS X1,6500
912,GORRO DE COYA HOMBRE,3500
2557,GORRO GRANADERO CARTON (LP04).,4500
8522,GORRO GRANADERO/REALISTA PARA ARMAR,2500
10256,GORRO GRANADERO/REALISTA PLASTICO TRIGGER X1,2500
18176,GUANTES BLANCOS/NEGRO/COLOR CHICO LISO 1065 PARTY(ART.0603).,2500
1194,MANTILLA PARA DAMA ANTIGUA,3000
1283,Miriñaque (Crosti).,9500
1364,Pañuelo blanco (Crosti).,2000
1365,Pañuelo celeste (Crosti).,2000
2735,PAÑUELO NEGRITA PAISANA,2000
1409,PECHERA CON SABLE GRANADERO (LP03).,2500
7746,PECHERA DE PAÑO REALISTA (GRANADERO ROJO),5500
40012,PECHERA GRANADERO FRISELILNA CREACIONES TRIES,3600
7344,PECHERA PAÑO GRANADERO MIC MAC,5500
7343,PECHERA PAÑO SAN MARTIN/BELGRANO (GRANADERO),5500
10299,PECHERA PLASTICA GRANADERO/REALIZTA TRIGGER PACK,4200
1410,PECHERA REALISTA (LP10). (GRANADERO ROJO),2500
40029,PECHERA REALISTA FRISELINA CREACIONES TRIES,2900
1412,PEINETON CHICO X 1 PATRIMAR,500
5004,PEINETON GRANDE X 1. PATRIMAR,1000
6705,POLLERA NEGRITA MIC-MAC,12500
39528,PONCHO BEIGE CON GUARDA DE FRISELINA CREACIONES TRIES,6000
43334,PONCHO BLANCO CON GUARDAS CELESTE DE FRISELINA CREACIONES TR,6000
3069,PONCHO COYA,13000
39511,PONCHO ROJO CON GUARDA DE FRISELINA CREACIONES TRIES,6000
1713,SACO DE CABALLERO,7500
9271,SET GRANADERO DE PAÑO/BELGRANO C/SABLE Y GORRO X1,12500
1984,TRAJE CABALLERO T:1/0 CROSTI,10000
8107,TRAJE CABALLERO T:3 CROSTI,25000
2233,TRAJE CABALLERO T:4 (CROSTI),25000
1987,TRAJE COYA HOMBRE T:1.,25000
1988,TRAJE COYA HOMBRE T:2.,25000
1989,TRAJE COYA HOMBRE T:3.,25000
1990,TRAJE COYA MUJER.,25000
2497,TRAJE DE GAUCHO T:1-T:0 CROSTI,22000
2000,TRAJE DE GAUCHO T:2.,22000
2001,TRAJE DE GAUCHO T:3 CROSTI,22000
1997,TRAJE DE NEGRITA ECONOMICO T:1 T0 (CROSTI),25000
1996,TRAJE DE NEGRITA ECONOMICO T:2. (CROSTI),25000
1998,TRAJE DE NEGRITA ECONOMICO T:3. (CROSTI),25000
2494,TRAJE DE NEGRITO CANDOMBERO T:1.,8000
8852,TRAJE DE PAISANA T 0 CROSTI,25000
8853,TRAJE DE PAISANA T 4 CROSTI,25000
2011,TRAJE DE PAISANA T:1.,25000
2012,TRAJE DE PAISANA T:2.,25000
2013,TRAJE DE PAISANA T:3.,25000
2733,TRAJE DE VENDEDOR AMBULANTE T:1 (CROSTI).,19000
2498,TRAJE DE VENDEDOR AMBULANTE T:2 (CROSTI).,19000
2734,TRAJE DE VENDEDOR AMBULANTE T:3 (CROSTI).,19000
2484,Yabot con faja,4000
39573,YABOT ECO FRISELINA CREACIONES TRIES,1800
2364,Yabot economico,3000
73266,BARBA CON BIGOTE BLANCA SANTA,3000
11713,BARBA CON BIGOTE Y CEJAS BLANCA,2500
11720,BARBA CON BIGOTE Y CEJAS NEGRA,2500
18531,BARBA MARRON/NEGRA X 1,3000
73242,BIGOTE EINSTEIN X 1 BIG02 RIVAS,300
35822,BIGOTES CON CEJAS,2300
75260,EXTENCION DE CABELLO AMARILLA/MULTICOLOR CON CLIP PE1AM,1000
54908,MOSTACHO Y PATILLAS DE HIPPIE AC739 RIVAS,2900
1372,PELUCA AFRO PAYASO OFERTA (COTIS.).,4500
5971,PELUCA CON TRENZAS LARGA K-POP PREMIUM,7500
26070,PELUCA LACIA CARRE ROSA/VERDE/LILA/ROJA/AMARI (RAPAVAL),6800
2581,PELUCA LACIA LARGA RUBIA-MARRON Y COLORES(1334) PARTY/RAPAVA,8200
24048,PELUCA PAYASO CHICA  MULTICOLOR .,6600
20459,PELUCA PAYASO CHICA VARIOS COLORES,6500
78063,PELUCA PAYASO NEGRA/MARRON,6500
1440,PELUCA PLASTICA COLORES OFERTA,500
55535,PELUCA SUPER AFRO MULTICOLOR 170GS PSAMU RIVAS,10000
975178,PELUCA SUPER AFRO NEGRA PSANE RIVAS,10000
01163,PELUCAS VARIAS OFERTA,3500
6853,SUPER BIGOTE PLANCHA X 6,2000
18401,SUPER BIGOTES X 12 JOTABE,2900
54915,UNICEJA DE FRIDA AC740 RIVAS,1800
07794,ANTIFAZ CALACA DE NEON X 1,2000
00047,ANTIFAZ CARTON METAL X 10(TRIGGER),1500
9126112016010,ANTIFAZ DE ENCAJE VS/MODELOS X1 (PARTY STORE),2800
9711,ANTIFAZ FLUO ESTAMPADO X 12,4100
7795,ANTIFAZ GATUBELA C/PURPURINA/FLUO X1,700
1757,CARETA MEDIA LUNA CON CARITA/FLUO,100
800,CARETA RECTANGULAR (BOB ESPONJA) TRIGGER,1500
5224,CARETA SOL/ESTRELLA/LUNA/FARAON OFERTA,700
6387CD,MASCARA BRILLANTE C/FLOR AL COSTADO 6387CD,300
27423,MASCARA DE CONEJO DURA IRIDICENTE X 1,5500
3374,MASCARA PIRATA DE TEATRO 4149,150
02782,MASCARA VENECIANA C/PUNTILLA Y STRASS X1 BLANCO Y NE,2000
25864,MASCARA VENECIANA CLASICA COMUN CON GIBRE,800
7558,MASCARA VENECIANA CON GIBRE FLUO,800
02805,MASCARA VENECIANA CON PLUMA Y PUNTILLA X1,3200
7293,MASCARA VENECIANA ECONOMICA C/PLUMA X1,2500
05086,MASCARA VENECIANA LABRADO C/GIBRE COLORES SURTIDOS,800
7445,MASCARA VENECIANA LISA BLANCA/NEGRA X 1,1500
89152,MASCARA VENECIANA METALIZADA LISA,1500
6707,BOTE CONFITES PLATEADOS X 100 GRS,2500
7857,BOTE GRANA X 100 GRS,1000
8664,C.M.C CIRCE X 50 GRS,3000
1648,CACAO AMARGO X 100 GRS ALZOL,1700
7685,CACAO NEGRO ALZOL X 100 GR,6900
235,CAPSULA PARA BOMBON X 30 GR,2800
1645,COCO RALLADO BLANCO X 100 GRS,1800
7760,COLORANTE DORADO 24/18 KILATES KING DUST X 4GS,6400
50825,CONEJITOS DE AZUCAR X 10,7000
9055,CONFITE DORADO BOTE X 50 GR,1100
8177,ESENCIA FLEIBOR 30 CC PAN DULCE,2200
5575,ESENCIA VAINILLA X 30CC,1600
58898,FLOR DE AZUCAR 5 PETALOS MULTICOLOR X 20UNI,6900
36444,FLOR DE AZUCAR ALEGRE BLANCA/ROSA X 20UNI,6900
43424,FLOR DE AZUCAR MULT CON PERLA X 30UNI,3900
8904,GIBRE COMESTIBLE X 10 GRS,1000
18033,GLITTER COMESTIBLE 5GR COLORANTE COMESTIBLE,15000
8305,GLITTER COMESTIBLE KING DUST,6400
8043,GOMA XANTICA X 50,1200
80096,LAPIZ PASTELERO GLACE X 175GRS,4200
03685,MARCADOR TINTA COMESTIBLENEGRO X1,2150
03616,MARCADORES DE TINTA COMESTIBLE X 6,12500
90114,PASTA P/CUBRIR TORTA VAINILLA X 500 GR. BALLINA,5700
04698,PERLA COMESTIBLE COLOR PASTEL/NACARADA 50GR TAMAÑO MIXTO,2500
8277,PERLAS/CONFITE COMESTIBLE DORADO MEDIANO Y CHICO X 50GS,3000
13779,POLVO PARA CUPCAKE CHOCOLATE X 500G,5000
13762,POLVO PARA CUPCAKE VAINILLA X 500G,3200
1686,ROSA GRANDE CON HOJA X 10.,4500
09068,SET DE 2 LAPICERAS COMESTIBLE NEGRA,6500
09051,SET DE 5 LAPICERA MULTICOLOR COMESTIBLES,9000
42537,SPRINKLES MIX PERLAS MULTICOLOR X 50GR,3000
10157,SPRINKLES PALITOS NACARADOS X 50GS,2000
00255,SPRINKLES PERLAS COMESTIBLE 25GR BOLSITA CHICA X 1,2000
25183,TUBO DE PAPEL DE ORO/PLATA COMESTIBLE 2GR 8D20,7500
6132,"ACETATO X 1,OO METRO",200
50494,ALZA TORTA X1 JOTABE,4000
12146,APOYA FUENTE SILICONA X 1,1500
7120,BANDA P/TORTA BARRITA/ORIGAMI 13CM X1,600
10294,BANDEJA GIRATORIA PARA DECORAR X 1 PARPEN,39000
332016,BANDEJA TEFLON 33X22CM X1 MM33-201A,12000
332015,BANDEJA TEFLON 37X26CM X1 MM33-201B,13500
21412,BASE GIRATORIA DOÑA CLARA,29000
5261,BASE PLASTICA  GRANDE PARA ARMAR ADORNO,100
5262,BASE PLASTICA MEDIANA PARA ARMAR ADORNO,50
07896,BATIDOR PERA ACERO MEDIANO X 1,2900
007898,BATIDOR PERA ACERO SUPER GRANDE X 1,3500
03262,BIZCOCHUELO CUADRADO BAJO 26 X1(26X26X5),7500
ART1117,BUDIN EXTENSIBLE 11 X 20CM,6000
09308,CABEZAL DE SOPLETE MM76-01/002B7,9000
74206,CARACOL SUJETADOR X6 MARCADOR DE COPA,400
040483,CHURRERA C/3 PICOS E INYECTOR PARA RELLENO X1,1200
6388,CHURRERA X 1 DE METAL,4000
8717,CINTURA CUADRADA 18CM DOÑA CLARA CIN0459,8500
6977,CINTURA CUADRADA 22CM DOÑA CLARA CIN0461,11500
03999,CINTURA REGULABLE REDONDA 20X30CM DOÑA CLARA,22000
29128,CONTANTES VS FORMA X 4 M&M,6500
27044,CORTANTE ABECEDARIO CON EXPULSOR,22000
01467,CORTANTE CUADRADO N 7 X 1,6800
90338,CORTANTE DE CORONA X2,2000
86793,CORTANTE MARCADOR ANIMALITO CON EXPULSOR X 3 BY-79,3500
86502,CORTANTE MARCADOR BABY SURTIDO X 8 BY-50,5500
86809,CORTANTE MARCADOR DINOSAURIO CON EXPULSOR X 3 BY-80,3500
86557,CORTANTE MARCADOR DINOSAURIO X 8 BY-55,5500
86496,CORTANTE MARCADOR FLORES CON EXPULSOR X 8 BY-49,5500
30876,CORTANTE PERSONAJE PLASTICO X8,8000
33069,CORTANTE PLASTICO ABECEDARIO 33-06 M&M,13500
21691,CORTANTE REDONDO LISO N 3 X 1,1500
8362,CORTANTE REDONDO LISO N° 4,1800
8153,CORTANTE REDONDO LISO N10,2800
8154,CORTANTE REDONDO LISO N11,3000
8155,CORTANTE REDONDO LISO N12,3200
8156,CORTANTE REDONDO LISO N13,3300
8157,CORTANTE REDONDO LISO N14,3500
8158,CORTANTE REDONDO LISO N15,3600
8160,CORTANTE REDONDO LISO N5,1900
8149,CORTANTE REDONDO LISO N6,2000
8175,CORTANTE REDONDO LISO N7,2200
8151,CORTANTE REDONDO LISO N8,2400
8152,CORTANTE REDONDO LISO N9,2500
06810,CORTANTE UNICORNIO X 2,1500
86311,CORTANTE/SELLO REGLA MORADA MODELOS,3500
2597,CORTANTES DE CHAPA PARA PORCELANA JUEGOS DE 3 O 2 PIEZAS,4500
608,CORTANTES DE CHAPA PARA PORCELANA POR 1,1500
51256,CORTANTES DE METAL NUMEROS CAJA X1 JOTABE,5600
48516,CORTANTES DE NUMEROS PLASTICOS X 15 PIEZAS 93-39 M&M,9500
6106,CORTANTES NUMERO GIGANTE DE HOJA LATA 28CM  X 1,1500
ART1255,CUADRADO DE HOJALATA 12CM X 15CM DE ALTO ART1255,8000
80198,CUCHARA PARA BOCHA DE HELADO METAL 004B7,7500
35743,CUCHARAS MEDIDORES X5 10 A 12 CM,4800
644,Cupla Plast. c/u parpen,200
72881,ESPATULA DE SILICONA CHICA MANCO ACRILICO,1200
70753,ESPATULA METAL Z 27CM X 1,3000
70767,ESPATULA METAL Z 32CM X 1,5200
70771,ESPATULA PLANA 27CM MANGO PLASTICO,3000
45689,ESPATULA SCRAP ACERO COOPER N 10 20C10CM,9500
45687,ESPATULA SCRAP ACERO COOPER N 16 20X10CM,9500
8715,ESPATULA SILICONA COLOR MANGO ACRILICO TRANSPARENTE X 1,1600
09341,ESTEKA PARPEN VAINILLA MULTIUSO X 1,1800
37899,ESTEKAS MOLDEADORAS DE AZUCAR X6 (ROSA-GRIS),4500
01734,ESTEKAS PARPEN X 9,9500
19019,FLANERA DE SILICONA DISEÑO DE CORAZONES X 1 13A12,8800
990299,FRATACHO ALISADOR MANGO CELESTE,3500
9053,FRATACHO ALIZADOR LISO X 1 15114,2600
32001,GAS PARA SOPLETE 227GR,4600
30167,HIELERA DE SILICONA BARRITA MULTICOLOR 30P7,8500
30143,HIELERA DE SILICONA CIRCULOS Y CUADRADO 30N7,8500
8418,JUEGO DE CONOS NENE,30
8989,LAMINA PAPEL ANTIADHERENTE PARA HORNO 30X40CM,1200
23483,MANGA CON 5 PICOS Y CUPLA BAKING,4200
010368,MANGA CON PICOS 7 Y CUPLA,5200
23043,MANGA DE SILICONA 30CM CON 6 PICOS Y CUPLA,3900
04478,MANGA PARA DECORAR CON 6 PICOS BAKING,3500
88833,MANGA SILICONA 35 CM X1,1500
86335,MARCADOR ABECEDARIO 28PCS BY33,5000
21420,MARCADOR DE PUNTITOS ESTILO ORIENTAL,450
86304,MARCADOR SELLO LETRAS NUMEROS Y SIMBOLOS X 74,5000
19194,MOLDE 8 PATITAS Y 3 HUESOS SILICONA 13S12,6500
08739,MOLDE ALUMINIO TORTERA/PAN DULCE 18 CM X1,12000
20014,MOLDE ANTI ADHERENTE CUADRADO MANGO ROSA 272001,15000
20038,MOLDE ANTI ADHERENTE RECTANGULAR CHICO MANGO ROSA 272203,17500
20106,MOLDE ANTI ADHERENTE X 6 MUFFIN MANGO ROSA 272010,16000
20120,MOLDE ANTIADHERENTE 12 MUFFIN MANGO ROSA,24300
20137,MOLDE ANTIADHERENTE 24 MINI MUFFIN MANGO ROSA,25600
33416,MOLDE ANTIADHERENTE PARA MUFFIN X 12 COBRE/NEGRO,11900
8433,MOLDE BROWNIE TEFLON 12 CAVIDADES 5224 BLINDER,11400
5184,MOLDE BROWNIE TEFLON 6 CAVIDADES 5222 BLINDER,9000
41788,MOLDE BUDIN TEFLON X 1 5A30 20 X 12,5300
6268,MOLDE CARTON DE ROSCA DE PASCUA/TORTA,100
41726,MOLDE COLA DE SIRENA DE SILICONA X 1,2500
45181,MOLDE CUPCAKE DORADO/PLATEADO X1,100
9007,MOLDE CUPCAKE TEFLON 9 CAVIDADES BLINDER,8000
51794,MOLDE CUPCAKE TEFLON X 24,11500
9601,MOLDE DE DONAS TEFLON 12 CAVIDADES,14000
9214,MOLDE DE DONAS TEFLON X 6,9500
04723,MOLDE DE SILICONA 14 FLORES/MARIPOSAY GUSANOS  CUADRADO 0472,4400
07731,MOLDE DE SILICONA 48 MINI DONAS 07731,4100
8506,MOLDE DE SILICONA 6 FIGURAS NAVIDAD SANTA/MUÑECO/ARBOL,6500
11844,MOLDE DE SILICONA 6 RECTANGULO DE CHOCOLATE 11844,5100
400091,MOLDE DE SILICONA 6 TABLETAS CHOCOLATE 00091,4000
50019,MOLDE DE SILICONA ABECEDARIO CHICO MM50-1,9800
19200,MOLDE DE SILICONA BOMBONES FLORES GRANDES X 12 13T12,7800
19217,MOLDE DE SILICONA CAKE FLORES X 6 13U12,7400
09438,MOLDE DE SILICONA CORAZON/FLOR/CUADRADO X 6 13P12,6000
19101,MOLDE DE SILICONA CUPCAKE CHICO X 12,7000
19071,MOLDE DE SILICONA DONAS DECORADA X 6 13G12 1F12,6500
19187,MOLDE DE SILICONA DONAS DECORADAS X 6 1Q12,7200
70733,MOLDE DE SILICONA FLOR X 8,4900
00053,MOLDE DE SILICONA FLORES X 6 MM35-01,8000
BM2246,MOLDE DE SILICONA HUEVO N 10 BM2246,7000
15148,MOLDE DE SILICONA JABONES X 6 CON DIBUJO,6500
00046,MOLDE DE SILICONA MARIPOSA VAQUITA X 6 MM35-01,8000
9088,MOLDE DE SILICONA MINI CUPCAKE X 15,9900
19149,MOLDE DE SILICONA MINI DONA FLOR FLAN X 12 13N12 1M12,7000
19125,MOLDE DE SILICONA MINI FLAN/DONAS X 15 13L12,6500
19118,MOLDE DE SILICONA MINI LETRAS MULTICOLOR 1J12,6500
58934,MOLDE DE SILICONA PARA CHOCOFRASES CO5149 BLINDER,6000
06904,MOLDE DE SILICONA PARA GALLETAS X 10,7000
8805,MOLDE DE SILICONA PLANCHA X 12 CUPCAKE,10000
9059,MOLDE DE SILICONA ROSCA NAVIDEÑO,9500
19088,MOLDE DE SILOCONA PARA FREIDORA REDONDO 17CM,6500
14020,MOLDE DOBLE (CAMISETA DE FUTBOL) X2,15500
5187,MOLDE FLANERA SAVARIN GRANDE X 1 M&M,12500
002420,MOLDE HELADO 4 GRANDE,6500
30099,MOLDE HIELERA DE SILICONA HELADOS 30M7,8500
30136,MOLDE HIELERA DE SILIONA ANIMALES DEL MAR 30K7,8500
88168,MOLDE MINI DONAS SILICONA,3800
33409,MOLDE MUFFIN X 6 GRANDE NEGRO 129435,5500
20103,MOLDE P/ RAVIOLES REDONDO-CUADRADO ROSA,3500
41206,MOLDE P/ RAVIOLES X32 BLANCO,2500
41213,MOLDE P/ RAVIOLONES X8,2500
81216,"MOLDE PARA MUFFINS 29,5X18 CM MIHSKA",10000
81261,MOLDE PARA MUFFINS CORAZON 29X17 CM MISHKA,10000
12333,MOLDE PARA MUFFINS X12 LINEA CHAMPANGE,11000
35504,MOLDE PASTAFROLA DESFONDABLE HOJALATA Nº2 26CM,3300
35508,MOLDE PASTAFROLA DESFONDABLE HOJALATA Nº4 30CM,7800
35901,MOLDE PASTAFROLA DESMONTABLE ALUMINIO Nº1 24CM X 1,14500
05089,MOLDE PASTAFROLA FIJA HOJALATA Nº20,3500
03110,MOLDE PASTAFROLA FIJA HOJALATA Nº22,4000
5219,MOLDE PASTAFROLA Nº 10 X 1(CASA ALBERTO),1400
5218,MOLDE PASTAFROLA Nº 12 X 1(CASA ALBERTO),1500
5217,MOLDE PASTAFROLA Nº 14 X1(CASA ALBERTO),1800
4105,MOLDE PASTAFROLA Nº 8 X 1,900
8309,MOLDE SILICONA 11 CIRCULOS 4.5CM,5900
21114,MOLDE SILICONA 12 BANANAS MULTICOLOR 3F12,3500
21060,MOLDE SILICONA 12 BARRAS MULTICOLOR 3A12,6500
36O10,MOLDE SILICONA 12 FIGURAS CONEJO PASCUAS,5000
42317,MOLDE SILICONA 12 MARGARITAS MULTICOLOR,8000
BM4323,MOLDE SILICONA 15 BOMBONES CON ONDAS,10000
002B7,MOLDE SILICONA 18 FLORES Y MOÑOS,3500
033D15,MOLDE SILICONA 4 SEMI ESFERAS,5800
8982,MOLDE SILICONA 6 CUADRADOS,9000
6938,MOLDE SILICONA 6 FIGURAS NAVIDAD/CONEJITO PASCUA,3900
16031,MOLDE SILICONA 6 FLORES 10C10,4800
06125,MOLDE SILICONA 6 GUIRNALDA NAVIDAD MULTICOLOR 1Y12,7600
9755,MOLDE SILICONA 7 CIRCULOS,4400
BM4309,MOLDE SILICONA 8 ROSAS GRANDE BM4309,10000
5173,MOLDE SILICONA 8 SEMI ESFERA GRANDE 006F10,5500
5176,MOLDE SILICONA 9 CAVIDADES MINI CUPCAKE,4800
415243,MOLDE SILICONA ABECEDARIO LETRAS Y NUMEROS GRANDE,14000
9164,MOLDE SILICONA ARBOL NAVIDAD 6N7,7500
9058,MOLDE SILICONA BICHITOS/ANIMALITOS DE MAR,5500
11481,MOLDE SILICONA BUDINERA ONDULADA MULTICOLOR 1V12,4500
11498,MOLDE SILICONA BUDINERA SAVARIN MULTICOLOR 1W12,4500
00075,MOLDE SILICONA CORAZON X 8,8600
42362,MOLDE SILICONA CORAZON X12 TRICOLOR LOW COST,8000
62153,MOLDE SILICONA CORAZON/FLOR TRICOLOR X12 LOW COST,6500
67123,MOLDE SILICONA CORAZON/LECHUZA/CUPCAKE PARA BOMBONES/HIELO,4500
02636,MOLDE SILICONA CUPCAKE INDIVIDUAL X 12 LOWCOST,5000
8498,MOLDE SILICONA CUPCAKE X 6,6900
32148,MOLDE SILICONA DINO/CORAZON/FLOR SAVARIN X 6 BLINDER,11200
85304,MOLDE SILICONA DONAS X6,5500
02107,MOLDE SILICONA ESTRELLA X 8,9000
61515,MOLDE SILICONA HELADO CHICO X 4,5400
21120,MOLDE SILICONA HELADO GRANDE X 3,5600
03480,MOLDE SILICONA HOJA S1908,1600
BM3854,MOLDE SILICONA MADELEINA X18 31X24 CM LOW COST,7000
19132,MOLDE SILICONA MINI TORTA 15CM X 6CM 5C10,5500
23922,MOLDE SILICONA MUFFIN X6 TRICOLOR LOW COST,7000
65135,MOLDE SILICONA NAVIDAD PAPA NOEL 36M5,4000
51180,MOLDE SILICONA NUMEROS X 1 15118,3500
7861,MOLDE SILICONA P/8 CHUPETINES PATITAS,3900
27024,MOLDE SILICONA PALETA HELADO CON PALITO Y TAPA,9800
88828,MOLDE SILICONA PARA 8 DONAS,5500
BM3889,MOLDE SILICONA PARA HUEVO Y PANQUEQUE X 4,4000
8925,MOLDE SILICONA PARA JABONES 4 FORMAS,6000
8711,MOLDE SILICONA PARA MACARRON X30,7500
5188,MOLDE SILICONA PASCUA 8 HUEVOS Y 4 CONEJOS,3500
00481,MOLDE SILICONA REDONDO PARA FREIDORA M&M,8500
19170,MOLDE SILICONA TORTA CON MANIJA MULTICOLOR 1P12,7500
07029,MOLDE SILICONA TORTA MODELO CALABAZA 1H12,5900
07050,MOLDE SILICONA TORTERA MODELO ORIGAMI 1K12,4500
11B7,MOLDE SILICONA VENTI TORTERA 26CM X 5.8CM,7900
41220,MOLDE SORRENTINO PLASTICO X 8,6000
62456,MOLDE TEFLON BUDIN/PAN LACTAL X |4B30 27 CM X 15 CM,6500
38490,MOLDE TORTA ALUMINIO Nº 12 10CM ALT COOPER,18000
38491,MOLDE TORTA ALUMINIO Nº 14 10CM ALT COOPER,18900
38492,MOLDE TORTA ALUMINIO Nº 16 10CM ALT COOPER,19900
38829,MOLDE TORTA ALUMINIO Nº20 ALTURA 10CM COOPER X 1,22000
6546,MOLDE TORTA PIÑATA X1,800
44646,MOLDE TORTERA ALUMINIO ALTO 11CM Nº12,13000
00770,MOLDE WAFLERA SILICONA X 1,4500
21084,MOLEDE SILICONA 15 CIRCULOS MULTICOLOR 3C12,8500
57927,PACK 3 CORTANTES DE HOJAS CON EXPULSOR,2900
53190,PALO DE AMASAR CON FORMAS X 1,1000
04058,PAPEL ALUMINIO PARA BOMBON LISO 8X8 X 50UNI,2700
03611,PAPEL PARA FREIDORA RED/CUADR CHICO X 50,4000
9098,PICO COOPER,900
8928,PICO ECONOMICO CHICOS,1000
9479,PICO ESPECIAL PASTO PASTITO CHICO/GRANDE PARPEN X 1,4200
01724,PICO PARA RELLENAR CHURROS,8600
81095,PINCEL DE SILICONA GRANDE,3500
12314,PINCEL DE SILICONA MANGO MADERA 30CM COLOR. X1,3000
28062,PINCEL SILICONA CHICO,1800
06193,PINZAS TEXTURADORAS X 10 PARA FONDANT,1500
9662,PIROTIN N°5/4 PAQUETITO X 100,800
6217,PLACA GRANDE TIKTOK/CUPCAKE/CONEJO/JOYSTI/CORADIAMAN/ESFERA,1500
9201,PLACA PARA BOMBONES PLASTICA X 1,1500
05202,PLACA SILICONA PARA HORNO MACARRON BORDE ROJO 30X40CM,9500
9216,PLACA SILPAT DE SILICONA MM35-18,6900
4439,PLANCHA DE SILICONA SILPAT REDONDA 20CM LOWCOST,4500
18118,PLANCHA SILPAT DE SILICONA PARA TORTA RDA 30CM,4800
5251,POSA CUPCAKES DOS PISOS PLASTICO (PEDRO LUCAS ) X 1,33000
5252,POSA TORTA 30 CM PLASTICO BLANCO (PEDRO LUCAS) X 1,22000
8058,POSA TORTA DE 30CM GIRATORIA (PEDRO LUCAS) X1,24000
9871,RODILLITO MARCADOR (1AL35) X1,300
70707,ROLLO ALUMINIO PROLUMINIO 28CM X 4 MT,1800
20152,ROLLO PAPEL MANTECA 30CM X 5MT,2500
002815,SELLO ABC/NUM/SINGNOS MINI MARRON,3000
643104,SET 100 MANGAS DESECHABLES GRANDE,6000
823315,SET 11 PICOS Y 1 CUPLA,3700
23391,SET 18 PICOS DE ACERO CON ACOPLE Y TAPA BAKING,6000
8927,SET 2 PICO LARGOS Y CEPILLO CAKE SUPPLIES,5500
23162,SET 24 PICOS Y 3 CUPLAS,7800
58805,SET 3 CORTANTES ESTRELLAS,2000
02257,SET 4 PICOS CON CUPLA Y MANGA,3000
11159,SET 5 PICOS MANGA Y PINCEL BAKING 11159,9500
04043,SET 5 PICOS Y ESPATULA CON CUPLA Y MANGA,4500
61666,SET 6 PICOS CON ACOPLE FORMA MARIPOSA BAKING,3000
25063,SET 6 PICOS RUSOS ACERO BAKING 25063,6000
51323,SET DE 3 CORNETES 11 A 14 CM MM33-53 RP5132,1600
02233,SET DE 7 PICOS CON CUPLA ESTILO ORIENTAL,3500
18021,SET DE ESPATULA METAL X 3 DL5230,6500
51504,SET DE PICOS X 6 CON CUPLA BAKING,3500
51651,SET PICOS X12 C/2 CUPLAS CAKE DERATOR,4800
21025,SET PINCEL ESPATULA SILICONA,2500
10331,SET PLACA BIG CANDY X 2 PARPEN,8500
10317,SET PLACA PARA BARRA TABLEADA X 2 PARPEN,8500
43199,SET PLACA TORTA PIÑATA GRANDE X 2,1800
10058,SET PLACAS P/CAKE PALETAS LISAS X2 PARPEN,8500
05502,SET UTENSILLOS SILICONA 22CM ESPATULA CUCHARA PINCEL,4500
12065,SET X8 PICOS LARGOS GRANDES BAKING,6500
10003,SOPLETE PROFECIONAL ENCEDIDO ELECTRON RECARGABLE,6500
35490,TARTA HOJALATA FIJA Nº1 22CM RC,1200
44534,TARTELETA CAPELINA DE HOJALATA X1,500
1962,Tarteleta Hojalata x 24,12500
45891,TERMOMETRO DIGITAL NEGRO C/FUNDA X1,6500
9856,TERMOMETRO FRANKLIN PARA REPOSTERIA X 1,9800
10886,TIJERA PARA ARMAR ROSA CLAVO Y 4 PICOS,4800
54035,TORTERA CUADRADA BAJA Nº3 29X5 CM (GRACIELA),15500
01353,TORTERA DESARMABLE Nº5 DOÑA CLARA,19500
001827,TORTERO CUADRADA BAJA N°2 DOÑA CLARA,16000
9511,CHISPA FRIA 2 MTR X 20 SEGUNDOS,18000
05139,CONFETI CIRCULOS CARIBE CO03 RIVAS,2500
05115,CONFETI CIRCULOS MALVAVISCOS CO01 RIVAS,2500
21481,CONFETI CIRCULOS ROSA GOLD CO06 RIVAS,2500
021443,CONFETI CIRCULOS Y ESTRELLAS DORADAS CO07,2500
21467,CONFETI CIRCULOS Y ESTRELLAS PLATEADAS CO08,2500
95821,CONFETI MULTICOLOR ESTRELLAS 15GR,1000
45100,CONFETIS X 25 GRS,1500
5013,CONFETTI LENTEJUELA HOLOGRAFICA FORMAS SURTIDAS,1500
03029,LANZA PAPEL 40 CM CORAZON AIRE COMPRIMIDO (RIVAS)(LP40C),3600
57720,LANZA PAPEL 40 CM MULTICOLOR MANUAL (LP40M)(RIVAS),3600
12793,LANZA PAPEL 40 CM PETALOS DE ROSA AIRE COMPRIMIDO RIVA (LP40,3600
73581,LANZA PAPEL 40CM CELESTE Y BLANCO (DILAX),4000
03036,LANZA PAPEL 40CM DORADOS LPI40GO RIVAS,3600
70005,LANZA PAPEL 40CM VERDE DOLARES/MILLONARIO LP40D RIVAS,3600
21351,LANZA PAPEL CAÑON 40CM ROJO Y BLANCO,3400
59024,LANZA PAPEL PLATEADO 38CM JS-283B,3600
79465,LANZA PAPEL REVELACION DE GENERO CEL Y ROSA 40CM,4900
40947,BANDERIN ARTICULADO DRAGON BALL X 1 OTERO,3100
6599,CARTEL FAJA X 2 PERSONAJES OFERTA,300
41029,MANTEL DRAGON BALL X 1 OTERO,7900
8025,BOLSAS PIEDRAS VERDES OFERTAS,1000
9143,CANUTILLON METALIZADO X 500G,4900
7119,CANUTILLOS X 100 GRS,2500
7118,CANUTILLOS X 250 GRS,4500
7121,CANUTILLOS X 50 GRS,1000
5772,CANUTILLOS X 500 GRS,8000
3508,CASCABELES Nº 3 X UN,3
7628,FLOR LENTEJUELA X 10,100
7300,FORNITURAS SUELTA,300
7098,GALON DORADO/PLATA 11850/11849 PASAMANERIA X MTS,2000
72388,GALON FLECOS DORADO/PLATA X MT AS27238,3500
7156,GEMA ESTRELLA METAL N 1 ESPECIAL X 5,1000
7155,GEMA REDONDA N 5 PARA COSER POR UN,1000
7146,GEMAS CUADRADA METAL N 4 PARA COSER X 8(6072),1000
7143,GEMAS DIAMANTE ESPECIAL N 6 PARA COSER X UN (6083),1000
7144,GEMAS DIAMANTE METAL N 1 X 10 PARA COSER X UN (FORNITURAS),1500
7140,GEMAS LAGRIMA METAL N 1 PARA COSER X 10 (6076),1000
7141,GEMAS LAGRIMA METAL N 2 PARA COSER X 6 (FORNITURAS),60
7142,GEMAS LAGRIMA METAL N 3 PARA COSER X 3 (1388),1000
7147,GEMAS OVAL METAL N 1 PARA COSER X 8(FORNITURAS),1500
7148,GEMAS OVAL METAL N 2 PARA COSER X 6 (FORNITURAS),1500
5902,GEMAS RED/OVAL ESPECIAL N 7 PARA COSER X UN (FORNITURAS),500
5900,GEMAS RED/OVAL METAL N 7 PARA COSER X UN (FORNITURAS),900
7135,GEMAS REDONDA ESPECIAL N 2 PARA COSER X 10(6069),1000
7136,GEMAS REDONDA ESPECIAL N 3 PARA COSER X 8 (1386) 14 MM,1000
7139,GEMAS REDONDA ESPECIAL N 6 PARA COSER X UN (FORNITURAS),800
7133,GEMAS REDONDA METAL N 1 PARA COSER X 20 (FORNITURAS),1000
7132,GEMAS REDONDA METAL N 2 PARA COSER X 12 (FORNITURAS),1100
7131,GEMAS REDONDA METAL N 3 PARA COSER X 10 (FORNITURAS),1000
5901,GEMAS REDONDA METAL N 4 PARA COSER X 6 (6071)18MM,1000
8361,HILO PLATA X 20 METROS,75
5774,LENTEJUELA AB/LASER/TORNAZOLADA X 500 GRS,4500
7096,LENTEJUELA AB/LASER/TORNAZOLADA X100 GRS,1500
7094,LENTEJUELA COMUN/METALIZADA X 100 GRS,1500
7095,LENTEJUELA COMUN/METALIZADA X 50 GRS,800
5773,LENTEJUELA COMUN/METALIZADA X 500 GRS,4500
7830,LENTEJUELA FORMA BOLSAS CHICAS 10 GR X 1,200
7115,LENTEJUELA FORMA MARIPOSA/ESTRELLA 100 GRS,1500
7114,LENTEJUELA FORMA MARIPOSA/ESTRELLA 250 GRS,3000
6360,LENTEJUELA FORMA MARIPOSA/ESTRELLA 500 GRS,6500
7112,LENTEJUELON X 100 GRS,1500
9165,MONEDA PLASTICA POR METRO,100
6362,MONEDAS X 100,25
7123,MOSTACILLAS X 100 GRS,800
7122,MOSTACILLAS X 250 GRS,1200
7124,MOSTACILLAS X 50 GRS,100
7128,MOSTACILLAS X 500 GRS,8000
7126,MOSTACILLON X 100 GRS,2500
7125,MOSTACILLON X 250 GRS,4500
7127,MOSTACILLON X 50 GRS,1000
7129,MOSTACILLON X 500 GRS,8000
7105,PERLA 4X8 SEMILLA TORNAZOLADA/METAL 100 GRS,500
7062,PERLA 4X8 SEMILLA TORNAZOLADA/METAL 500GR,4900
7627,PERLA EN TIRA X COLLAR,2900
7109,PERLA FACETADA AB (TORNASOLADA) X 100 GRS,1000
5775,PERLA FACETADA AB (TORNASOLADA) X 500 GRS,2500
7092,PERLA FACETADA METAL X 100 GRS,1000
5779,PERLA FACETADA METAL X 500 GRS,2500
7179,PERLA LISA X 100 G,15
8768,PERLA MINI X 500 GRS (REMPLAZA MOSTASILLON),120
6040,PERLAS GRANDES LISA X 10 (MEDINA),1000
8773,PERLAS GRANDES LISA X 250GRS,80
8778,PIEDRA NACAR A RAYAS TIRA X UN,20
8777,PIEDRA NACAR TIRA X UNIDAD,15
8784,PIEDRAS GRANDES SUELTA X UNIDAD,30
7594,PIEDRAS PARA DECORAR VS COLORES X 250G,150
7623,PLUMA GANSO X 20,600
7152,PLUMA GRANDE  ESPECIAL PRIMERA,4500
8371,PLUMA MARABU X 50 / 100,3500
5208,PLUMAS X 50 GALLITO CHICAS,1000
8004,TANZA ELESTIZADA X PIEZA,800
8796,TIRA DE LENTEJUELA POR METRO,300
2457,BOCHIN (LA C. DEL REGALO).,1600
8601,CANASTA  PARA ALIANZA DE CASAMIENTO,9600
5904,CILINDRO 10 X 9 CM,3500
6522,CILINDRO VIDRIO 11X22CM JOVANES,8900
5118,COLUMNA PORTAVELA VIDRIO (URIBURU),2500
2455,Copon boina 15 cm. (La C.del Regalo).,2800
2454,COPON BOINA 20 CM. (LA C. DEL REGALO).,2400
1028,COPON BOINA 25 CM. (LA C.DEL REGALO).,2600
6512,FLORERO SUSPIRO 36/40CM,8500
6102,JIRAFA  CON CORDON,3600
3094,JIRAFA LISA (LA C. DEL REGALO).,3500
2458,MINI BOCHIN (LA C. DEL REGALO).,1500
8261,MINI SUSPIRO DE VIDRIO,4500
2456,PECERA Nº 1 (LA C. DEL REGALO).,2500
2920,PECERA Nº 2 (LA C. DEL REGALO).6X10,3300
2453,PECERA Nº 3 (LA C. DEL REGALO)8X12.,3800
2452,PECERA Nº 4 (LA C.DEL REGALO)8X15.,4300
2451,PECERA Nº 5 (LA C.DEL REGALO)(GLOBO 10 X 18).,6300
3520,PORTA VELA FLOR CRISTAL (URIBURU).,3000
6376,PORTAVELA ESTRELLA DE VIDRIO CHICA,1500
4514,PORTAVELA TRAPECIO RAYAS DE VIDRIO,2500
5924,TUBIN MINI 10 CM,4000
3674,TUBO DE VIDRIO (JOBANES),3000
9000579,GORROS MAX STEEL DISP. X 8.,14
42280,ALA AMARILLA GRANDE ABEJA SOLA Y CHICA CON ANTENA,8000
5236,ALA DE ANGEL CON PLUMAS MULTICOLOR X 1,12500
5420,ALA DE MARIPOSA CON LENTEJUELAS X 1,16000
39073,ALA HADA TORNASOLADA ROSA ADULTO AC658 RIVAS,24000
39035,ALA HADA TORNASOLADA VERDE NIÑA AC657 RIVAS,22000
53806,ALAS ANGEL  GIBRE BLANCA  X1,4900
18335,ALAS DE ANGEL  GIBRE CHICAS COLOR Y NEGRA,3500
02300,ALAS DE ANGEL CON PLUMA  BLANCA,9500
18511,ALAS DE ANGEL CON PLUMA  NEGRAS,9500
13046,ALAS DE MARIPOSA MULTICOLOR M&M,5000
50548,ALAS LUCIERNAGA NEGRA CON BRILLOS RISATA,3000
18080,SET ABEJA ALAS POLLERA VARITA Y VINCHA,13800
31386,SET ALAS VARITA Y VINCHA,4500
41973,SET ALITA VAQUITA Y CETRO JOTABE 1831,7000
2905,ESPADA CON FUNDA MARRON/DORADO (MIC MAC),4000
707,ESPADA PIRATA CHICA (MIC-MAC),3000
702,ESPADA PIRATA GRANDE (MIN MAC),3500
710,ESPADA ZORRO ECONOMICA MIC MAC,2800
2638,SABLE SAN MARTIN (MIC-MAC).,3500
54786,CAMPANITA DEL BESO AC727 RIVAS,7500
54779,CAMPANITA DEL SEXO AC726 RIVAS,7500
70617,DELANTAL IMPRESO DESPEDIDA DE SOLTERA 17061,500
5872,DISFRAZ SEXY MUCAMA/DIABLA/CONEJA/PIRATA/DIABLO,500
43117,PLATO DESPEDIDA DE SOLTERA X 6 DPC107 RIVAS,3500
33221,VASO DESPEDIDA DE SOLTERA X 6 53322,200
10066,VASO TERMICO DESPEDIDA DE SOLTERO POR UNIDAD,100
54816,VINCHA DESPEDIDA DE SOLTERA ROSA CON GLITTER AC730 RIVAS,3800
1636,VINCHA DESPEDIDA SOLTERO PRESERVATIVO-SANDWICH,300
74805,VINCHA PENE ROTTI,300
1195,MARACA BANANA COMUN (VIVES).,600
1211,MARACA BANANA GRANDE,600
1201,MARACA CHOCLO COMUN (VIVES).,600
6703,MARACA COLA X 1,500
3970,MARACA REDONDA COMUN VIVES,600
3023,MARACA SURTIDA GRANDE.,600
4012,MARACA ZANAHORIA (VIVES).,600
7335,MARACON RAYADO BICOLOR ROTTI,1500
4204,ANGEL CHATO X 1 PLASTICO DORADO/PLATA,1000
6782,ARBOLITOS/ANGELITOS DE MADERA X1,600
10607,ARMADOR DE FLORES PARPEN,6500
6089,BANDEJA CUADRADA DE MADERA 20.5CM X1,1000
5263,BASE PLASTICA CHICA PORTA VELA,100
7757,BOLSA ORGANZA 13 X 18 GRANDE,200
1262-10,BOLSA POMPONES FIELTRO X 90 UNIDADES 1262-10,4500
5315,CAJA DE 15 PABILOS 5CM,2500
8994,CAJITA NAVIDEÑA DE MADERA 13 X 13CM X1,1200
43338,CARTULINA FANTASIA VARIOS MODELPOS X1,300
9538,CINTA ADHESIVA 2.5CM,1000
366,CINTA AMARILLA DE 2 CM. X 50 M. (BORGHELLO).,3200
4147,CINTA AZUL DE 2 CM. X 50 M. (BORGHELLO).,3200
477,CINTA BALLUO VARIOS MOTIVOS X 10 MTS,4000
08295,CINTA BIFAZ CON BTILLO X 1,3500
4149,CINTA BLANCA DE 2 CM. X 50 M. (BORGHELLO).,3200
4151,CINTA BLANCA DE 5 CM. X 50 M. (BORGHELLO).,7500
4143,CINTA CELESTE DE 2 CM. X 50 M. (BORGHELLO).,3200
545605,CINTA DE PAPEL ESTAMPADA PARA MANUALIDADES X 6,4000
4144,CINTA DORADA DE 2 CM. X 50 M. (BORGHELLO).,3200
5082,CINTA ENGOMADA URIBURU,1500
4142,CINTA FUCSIA 2 CM. X 50 M. (BORGHELLO).,3200
5212,CINTA GRIS DE 2 CM. X 50 M. (BORGHELLO),3200
4146,CINTA LILA DE 2 CM. X 50 M. (BORGHELLO).,3200
4141,CINTA NARANJA DE 2 CM. X 50 M. (BORGHELLO).,3200
4140,CINTA NATURAL DE 2 CM. X 50 M. (BORGHELLO).,3200
7991,CINTA NEGRA DE 2CM X 50M  BORGHELLO,3200
98012,CINTA PARA GLOBOS 5MM X 10M X1,100
3725,Cinta raso doble faz Nº 1 (Malbo).,3500
4145,CINTA ROJA DE 2 CM. X 50 M. (BORGHELLO).,3200
4148,CINTA ROSA DE 2 CM. X 50 M. (BORGHELLO).,3200
4138,CINTA SALMON DE 2 CM. X 50 M. (BORGHELLO).,3200
5025,CINTA VARIOS COLORES 3 CM. X 50 M. (BORGHELLO).,3500
5024,CINTA VARIOS COLORES 4 CM. X 50 M. (BORGHELLO).,4000
5023,CINTA VARIOS COLORES 5 CM. X 50 M. (BORGHELLO).,5000
6220,CINTA VERDE AGUA DE 2 CM. X 50 M. (BORGHELLO).,3200
6221,"CINTAS ADHESIVA DE PAPEL 1,5CM",1700
8365,CRUZ MADERA PORFIS X 1,20
620,CUCARDA RASO SURTIDA X 5,100
9089,ESFERAS C/PUNTAS Y ESTRELLA DE MADERA X1,300
712,ESPIGA 15 AÑOS CHICA X UN.,100
3733,ESPIGA 18 AÑOS GIGANTE PLATEADA X1,100
72018,GIBRE EN FRASCO MEDIANO X 1,700
47800,GIBRE X 100 GRS EN BOLSA,2900
109,GIBRE X 50 GRAMOS,1800
04781,GLITTER PACK CORAZONES ROSA X 6 GLP-952 RIVAS,2200
3311,GLITTER/GIBRE X 500 GRS,15000
42815,HILO SISAL NATURAL X 1 DE 10 METROS,600
47615,LIMPIA PIPA DE COLORES X 100,5500
0787-20,LIMPIA PIPA PAQUETE X 30,2500
9329,MINI BROCHE MADERA,100
6762,MOLDE ACETATO DIA DE LA MADRE X 1,2000
07287,MOÑO FACIL CON ORGANZA GRANDE X 10,5000
00448,MOÑO FACIL LAZO PLANCHA X 20,5500
02428,MOÑO FACIL METALIZAD CHICO X 10,1000
9933,OASIS LADRILLO X 1,4000
70018,PABILO PARA VELAS X 100,5500
72146,PETALOS DE ROSA DE TELA ROJO 25GS BOLPE RIVAS,2500
49169,PISTOLA ENCOLADORA CHICA ESPECIAL,9000
17083,PISTOLA ENCOLADORA ESPECIAL SUPRABOND,18900
85863,PISTOLA ENCOLADORA GRANDE 60W,11900
30309,PISTOLA ENCOLADORA SUPRABOND GRANDE 40WTS,28000
1117-20,PISTOLA ETIQUETADORA MX5550 1117-20,7652.04
1542,Placa para yeso,500
28075,REPUESTO SILICONA 8MM X 10 UNIPOX,5300
28082,REPUESTO SILICONA 8MM X 25,4700
3768,SILICONA FINA EN BARRA (LUNA).,500
5854,SILICONA GRUESA X 1,700
17601,VIRUTA COLOR AMARILLA X 1 BOLSA,2500
17595,VIRUTA COLOR AZUL/CELESTE/TURQUESA X 1 BOLSA,2500
17591,VIRUTA COLOR FUCSIA/ROSA X 1 BOLSA,2500
17610,VIRUTA COLOR LILA X 1 BOLSA,2500
17608,VIRUTA COLOR NARANJA X 1 BOLSA,2500
17587,VIRUTA COLOR NATURAL X 1 BOLSA,2500
8987,VIRUTA COLOR NEGRA X1,2500
17590,VIRUTA COLOR ROJO X 1 BOLSA,2500
17602,VIRUTA COLOR VERDE OSCURO/VERDE MANZANA X 1 BOLSA,2500
9585,VIRUTA MULTICOLOR X1,2500
09201,BANDERIN STAMPING MI COMUNION HOJAS OLIVO X 1,3500
5164,BOLSA%CANASTA TELA PARA COMUNION PARA ESTAMPITAS,11000
9698,BOLSITA COMUNION  X10  .,1500
3517,CALIZ CON HOSTIA X 1.,2000
322,CALIZ MINI ORO X UN.,300
56254,DENARIO CON PERLAS CRUZ OPALINA X 10,13800
06446,ESTAMPA COMUNION CALIZ CON ESPIGA X 10,2000
09249,ESTAMPA RECUERDO DE COMUNION CALIZ CON HOJAS X 10,2000
18392,GUANTE ENCAJE COMUNION LARGO 1839 BLINDER,5900
18385,GUANTE ENCAJE COMUNON CORTO 1839 BLINDER,5500
11034,GUIRNALDA COMUNION GRANDE,1000
11037,GUIRNALDA CRUZ COMUNION X 1 LAURA,1000
09294,MANTEL MI COMUNION GREEN HOJAS OLIVO X 1 GM,3900
77454,MANTEL MI COMUNION ROSARIO X 1 GM,3900
5359,MOÑO COMUNION PARA EL BRAZO,7900
09300,PLATO MI COMUNION GREEN HOJAS OLIVO X 8 GM,3500
77461,PLATO MI COMUNION ROSARIO X 10 MG,3500
36102,PLATO SACRAMENTO COMUNION X 6 DPC036-2 RIVAS,2500
8655,ROSARIO MADERA FEMINIX 22-278,1900
51685,SERVILLETA COMUNION FESTCOPACK X 20,2800
09317,STICKER COMUNION HOJA DE OLIVO 10 PLANCHAS X 12,3500
8957,TARJETA INVITACION COMUNION CON VITRO SIMPLE MOMENTOS,1500
09256,TARJETAS SOUVENIR MI 1º COMUNION HOJA DE OLIVO X 30,1000
7556,VINCHA/TOCADO DE COMUNION CON FLORES,9500
9763,ANTEOJO GALERA ARGENTINA X 1,5500
6062,ANTEOJO PELOTA ARGENTINA NIÑO X 1 BLINDER,1600
9051,ANTEOJO PLASTICO ARGENTINA ZLE-CAN-16-01,1800
22110,APLAUDIDOR CELESTE Y BLANCO ARGENTINA PAQUETE X 2,1500
8130,ARLEQUIN 3 PUNTAS ARGENTINA GANDALF,8500
2625,BANDERA PLASTICA 40 X 60.,1000
05869,BANDERIN AFA RECTANGULAR X1 OTERO,3100
12362,BANDERIN CAMISETA ARGENTINA,3500
05883,BOLSITA AFA X10 OTERO,3200
51648,BUFANDA ARGENTINA GO139 RIVAS,4000
4390,CHALECO REFRACTARIO ARGENTINA X 1,3000
9814,COLLAR CON FLORES ARGENTINA X 12,12000
30010,COLLAR PLASTICO CELESTE Y BLANCO X 10 IMAGEN,6500
5354,COPA DEL MUNDO GRANDE X 1,3000
5355,COPA DEL MUNDO MINI X 10,12000
5405,CORNETA CELESTE Y BLANCA CHICA PARA CANCHA ARGENTINA,800
5141,CORNETA CELESTE Y BLANCA MINI P/CANCHA ARGENTINA,500
6749,CORNETA CHATA ARGENTINA X 1,1600
5140,CORNETA TRUENO PARA CANCHA ARGENTINA,1000
6231,CORNETON CANCHA 2 PARTE CELESTE Y BLANCO ARGENTINA,1000
2791,CORNETON DE CANCHA ARGENTINA,1000
9762,GALERA ARGENTINA (GANDALF),17000
55153,GORRO PILUSO DE CANCHA ARGENTINA TRIES,6000
4561,GORRO PILUSO PLASTICO ARGENTINA X 1 TRIGGER,1500
60210,MANO ME GUSTA ARGENTINA,1000
05821,MANTEL AFA X1 OTERO,7900
40181,PARAGUAS RAYADO ARGENTINA/BOCA/RIVER,16000
8223,PELUCA PAYASO MUNDIAL,8000
8124,PINTURA BANDERA MUNDIAL EN BARRA,3500
05876,PIÑATA CARTON AFA X1 OTERO,5500
07160,PLATO AFA X8 OTERO,3000
50558,SERVILLETAS AFA X 20 OTERO,2900
08400,SOMBRERO COWBOY ARGENTINA,9500
05784,SORBETE AFA X 6 OTERO,800
05760,STICKERS AFA X24 OTERO,1600
07177,VASO AFA X8 OTERO,3100
16128,VINCHA ARGENTINA CON PELOS MM22-23,7800
6203,VINCHA OREJON GIGANTE ARGENTINA (TRIGGER),1000
8112,VINCHAS DE FLORES ARGENTINA X 12,7000
171,BANDEJA CARTON Nº 15.,250
177,BANDEJA CARTON Nº 5 X 1 20 X 26CM,120
169,BANDEJA CARTON Nº 6 29 X 23 .,150
168,BANDEJA CARTON Nº 7 32 X 25,160
4222,BANDEJA DE CARTON 103 MARRON CON TAPA 17X13X5CM X 1,500
4489,BANDEJA DE CARTON 103 MARRON CON VISOR 17X13X5CM,800
8654,BANDEJA DE CARTON 105 MARRON CON VISOR 21X16X5CM X 1,800
7742,BANDEJA DE CARTON 107 MARRON CON TAPA 25X17X5CM X 1,1200
5671,BANDEJA DE CARTON 107 MARRON CON VISOR 25X18X5CM X 1,1200
5322,BANDEJA Y TAPA BANDEJA 105 MARRON CON VISOR X 1,700
95113,BASE PARA CUPCAKE 3 PISOS BORDE METALIZADO LOLITA,6500
01507,BASE PARA MASAS DE CARTON RAYADO ZLE-CDE-15-01,7000
9081,BOLSA DE PAPEL LISA/LUNAR/PERSONAJE  X 1,250
4206,BOLSA FRISELINA,400
6554,BOLSA G5 PASTEL PARA REGALO 30X40X10 X 1,1000
44259,CAJA BASE CRAFT TAPA CON VISOR 25X25X12 X 1,2400
9946,CAJA DELIVERI 2 COMBO,400
56112,CAJA MULTIUSO CRAFT TAPA ACETATO X 1,2900
6301,CAJA PARA FACTURA GENERICA,850
7272,CAJA PARA MINI TORTA BLANCA 12X12X10CM X 1,800
6774,CAJA PARA TORTA BLANCA 25X25X15CM X 1,1700
4180,CAJA PARA TORTA BLANCA 27X27X15 X 1,1900
5625,CAJA PARA TORTA BLANCA 29X29X11CM X 1,1700
9505,CAJA PLANTILLA MARRON CON VISOR 19X13X5CM,500
9781,CAJA PLANTILLA MARRON CON VISOR 30X20X6CM,1200
9804,CARTELES CON TIZA X 12 SERCO,300
18689,DISCO DE CARTON LISO 24CM X 1,200
6279,ESTUCHE/CAJA CON VISOR BLANCA 26X17X10CM X 1,1700
05283,MAXI SORBETE CELESTE X 12 DSPP097 RIVAS,2500
05313,MAXI SORBETES PLATEADOS X12 00531 DSPP100,2200
46500,MOLDE BUDIN CON FLEJES 1/2KG X 10 UNI.,2800
9139,MOLDE BUDIN CON FLEJES 250GRS X 10,2000
45022,MOLDE CUPCAKE CUADRADO METALIZADO BLIDER,350
1296,MOLDE PAN DULCE 1 KG X10 UNIDADES,1800
1297,MOLDE PAN DULCE 1/2 X10 UNIDADES,1600
1298,MOLDE PAN DULCE 1/4 X10 UNIDADES,1300
79541,PALITO BROCHET 15 CM X 50 (RIVAS),1000
79565,PALITO BROCHET 20 CM X 50 (RIVAS),1200
79589,PALITO BROCHET 25 CM X 50 (RIVAS),1300
79602,PALITO BROCHET 30 CM X 50 (RIVAS),1500
03345,PAPEL FREIDORA DE AIRE CUADRADO/REDONDO GRANDE X 50,4500
32227,PINCHES PANAL DE FRUTA X 24 PC024-2 RIVAS,2500
7376,PIROTIN CON DIBUJO N° 5 X APROXIMADAMENTE 25,600
7430,PIROTIN CON DIBUJO N° 8 X APROXIMADAMENTE 25,1500
7325,PIROTIN CON DIBUJO N°10 X APROXIMADAMENTE 25,2000
7845,PIROTIN CON DIBUJO N°9 X 3 PAQUETES 50 UNIDADES  APROX,1100
42905,PIROTIN METAL DORADO N7 BLISTER X 100,3500
42906,PIROTIN METAL ROJO/FUCSIA N7 BLISTER X 100,3600
7844,PIROTIN METALIZADO N° 6,3000
26910,PIROTIN METALIZADO N°1O X 10 APROX,2200
27143,PIROTIN METALIZADO Nº 8 X 10 APROX,1800
43986,PIROTIN METALIZADO Nº8,5000
9758,PIROTIN PARA BOMBON Nº 3 Y 4 MARRON X 80,300
62380,PIROTINES DECORADOS EN CAJA X100,3900
01100,PIROTINES METALIZADOS EN CAJA X100,4500
005135,PLAT REDONDO LILA PASTEL X8 GRAFIGOLD,3000
35245,PLATO ARCOIRIS X 10 BLINDER,5500
07928,PLATO BLANCO LUNARES DORADOS X6 RIVAS DPC053,2500
02530,PLATO CARTON CHICO RAYAS PLATA X8 OTERO,2500
51708,PLATO COMUNION X 8 FESTCOPACK,2500
06767,PLATO CUADRADO CELESTE PASTEL X8 GRAFIGOLD,3500
08143,PLATO CUADRADO CON ONDA KRAFT CON STAMPING X 8,4000
404763,PLATO CUADRADO KRAFT X8 FESTCOPACK,2500
06774,PLATO CUADRADO LILA PASTEL X8 GRAFIGOLD,3500
006750,PLATO CUADRADO ROSA PASTEL X8 GRAFIGOLD,3500
49093,PLATO DE CARTON DORADO 22CM X 1,500
180,PLATO DE CARTON DORADO 30 CM X 1,900
45978,PLATO DE CARTON DORADO 33CM X 1,1500
66667,PLATO DE CARTON PLATEADO  10 BLINDER,3000
6488,PLATO DE CARTON PLATEADO 22CM X 1,500
5850,PLATO DE CARTON PLATEADO 30CM X 1,900
7482,PLATO DE CARTON PLATEADO 33CM X 1,1000
06921,PLATO DE POLIPAPEL 17 CM HOJA DE PALMERA X6 DPC021,5500
55806,PLATO DE POLIPAPEL FORMA DE PALMA X 6 DPC121 RIVAS,3200
06310,PLATO FOOTBALL X6 DPC012,2200
04688,PLATO GRANDE RDO AZUL LISO  X 8 FESTCOPACK,3500
56970,PLATO MARGARITAS CUADRO X 8 FESTCOPACK,2500
23228,PLATO METAL DORADO X 10 BLINDER,3000
30131,PLATO METALIZADO DORADO X6 DPC054-2 (PARTY STORE),2600
07898,PLATO POLIPAPEL CELESTE LUNAR PLATEADO X 6 DPC052 RIVAS,2500
46202,PLATO POLIPAPEL HOJA/RAYAS/ESTRELL/PUNTITOS CH X 6 ALPARAMIS,4500
07867,PLATO POLIPAPEL ROSA LUNAR DORADO X 6 DPC051 RIVAS,2500
008099,PLATO REDONDO BLANCO X8 GRAFIGOLD,3500
51722,PLATO REDONDO FLORCITA X8 FESTCOPACK,2500
008129,PLATO REDONDO KRAFT X8 GRAFIGOLD,4000
05111,PLATO REDONDO ROSA PASTEL X8 GRAFIGOLD,3500
007009,PLATO ROSA PASTEL ESTRELLA ROSA GOLD X8 GRAFIGOLD,3500
08525,PLATO RULETA ROSA Y ROSA PASTEL X8 GRAFIGOLD,3500
53689,PLATOS CORAZONES X 8 FESTCOPACK,2500
06521,PLATOS POLIPAPEL RULETA/HOJA/ONDA BORDE DORADO X 8 ALPARAMIS,3500
07627,POCHOCLERA RAYAS DORADAS X 8 ALPARAMIS,4000
07634,POP CORN BLANCO RAYAS PLATEADAS X8 GRAFIGOLD,3500
007917,POP CORN ROSA PASTEL BORDE DORADO X8 GRAFIGOLD,3500
95106,PORTA TORTA BORDE METALIZADO LOLITA,4000
51692,SERVILLETA AMARILLO PASTEL FESTCOPACK X 20,2800
54167,SERVILLETA ARENA X 20 FESTCOPACK,2800
50879,SERVILLETA AZUL FESTCOPACK X 20,2800
07966,SERVILLETA BORDE DORADO X12 DSE054 RIVAS,3800
08000,SERVILLETA BORDE PLATEADO X12 DSE055 RIVAS,3800
36089,SERVILLETA BORDE ROSA GOLD X 12 DSE088-2 RIVAS,3800
57472,SERVILLETA BOTANICA X 20 FESTCOPACK,2800
54723,SERVILLETA CELESTE 25X25 X 20 FESTCOPACK CHICA,2000
50824,SERVILLETA CELESTE FESTCOPACK X 20,2800
023331,SERVILLETA CELESTE LUNARES PLATEADO DSE052 RIVAS,3700
9184,SERVILLETA CUADRADA 33X33 KOOK X 20,5800
57441,SERVILLETA CUADRILLE ARENA X 20 FESTCOPACK,2800
57496,SERVILLETA CUADRILLE CELESTE PASTEL X 20 FESTCOPACK,2800
57762,SERVILLETA CUADRILLE NEGRO X 20 FESTCOPACK,2800
57748,SERVILLETA CUADRILLE ROJO X 20 FESTCOPACK,2800
57489,SERVILLETA CUADRILLE ROSA PASTEL X 20 FESTCOPACK,2800
57458,SERVILLETA CUADRILLE VERDE MUSGO X 20 FESTCOPACK,2800
07935,SERVILLETA DE PAPEL BLANCA/LUNARES DORADOS X12 DSE053,3800
37765,SERVILLETA DE PAPEL BOO 25X25CM X 20 DSECH020-2 RIVAS,2500
43810,SERVILLETA DE PAPEL BORDE DORADO 25X25 X 12 DSECH054 RIVAS,3500
43834,SERVILLETA DE PAPEL BORDE PLATEADO 25X25 X 12 DSECH055 RIVAS,3500
42578,SERVILLETA DE PAPEL CALABAZA X 12 DSE102-1 RIVAS,2500
43537,SERVILLETA DE PAPEL FORMA DE CORAZON X 12 DSE110-1 RIVAS,3000
42738,SERVILLETA DE PAPEL FORMA DE PALMA X 12 DSE021-3 RIVAS,3900
43599,SERVILLETA DE PAPEL FORMA PELOTA X 12 DSE012-2 RIVAS,2800
07799,SERVILLETA DE PAPEL IRIDISCENTE X12 DSE050,3000
06211,SERVILLETA DE PAPEL LUNARES MULTICOLOR X20 DSE011 RIVAS,3000
44275,SERVILLETA DE PAPEL PUNTOS DORADO X 12 DSECH054-2 RIVAS,3000
44299,SERVILLETA DE PAPEL PUNTOS PLATEADO X 12 DSECH055-2 RIVAS,3000
44336,SERVILLETA DE PAPEL ROSA 25X25CM X 20 DSECH097 RIVAS,2800
51630,SERVILLETA FLORCITAS FESTCOPACK X 20,2800
51661,SERVILLETA FLOREADO X20 FESTCOPACK,2800
44473,SERVILLETA FLORES DE ROSAS 25X25 X20 DSECH044-2 RIVAS,2500
57427,SERVILLETA FLORES PINTADAS X 20 FESTCOPACK,2800
54761,SERVILLETA FUCSIA 25X25 X 20 FESTCOPACK CHICA,2000
50916,SERVILLETA FUCSIA FESTCOPACK X 20,2800
57434,SERVILLETA GIRASOLES X 20 FESTCOPACK,2800
56727,SERVILLETA IDOL MAGIC X 20 FESTCOPACK,2800
53498,SERVILLETA IMPRESA AUTOS F1 X 20 FESTCOPACK,2800
50831,SERVILLETA KRAFT X20 FEST COPACK,2800
54846,SERVILLETA LINEA FLORCITAS 25X25 X 20 FESTCOPACK,2000
54853,SERVILLETA LINEAS LIMONES 25X25 X 20 FESTCOPACK,2000
57007,SERVILLETA MARGARITAS CUADRO X 20 FESTCOPACK,2800
54228,SERVILLETA MOSTAZA X 20 FESTCOPACK,2800
50800,SERVILLETA MULTICOLOR PASTEL FESTCOPACK X 20,2800
50855,SERVILLETA NEGRO FESTCOPACK X 20,2800
57465,SERVILLETA ONDAS MULTICOLOR ARCOIRIS X 20 FESTCOPACK,2800
50961,SERVILLETA ORO FESTCOPACK X 20,2800
58031,SERVILLETA PERLADA CELESTE X12 002 DS,2500
50978,SERVILLETA PLATA X 20 FEST COPACK,2800
50848,SERVILLETA ROJO FESTCOPACK X 20,2800
23317,SERVILLETA ROSA CON LUNARES DORADOS X 12 DSE051 RIVAS,3700
50817,SERVILLETA ROSA PASTEL FESTCOPACK X 20,2800
36126,SERVILLETA SACRAMENTO COMUNION X12 DSE036,3700
54778,SERVILLETA VERDE 25X25 X 20 FESTCOPACK CHICA,1700
50862,SERVILLETA VERDE FESTCOPACK X 20,2800
54198,SERVILLETA VERDE MUSGO X 20 FESTCOPACK,2800
50893,SERVILLETA VERDE PASTEL FESTCOPACK X 20,2800
07737,SERVILLETA VINTAGE FLORES X20 UNI. DSE044,3000
50909,SERVILLETA VIOLETA PASTEL X 20 FEST COPACK,2800
7630,SERVILLETAS A LUNARES X 20,800
00404,SERVILLETAS CAMPANITA BLANCAS X 40 UNI,1200
31916,SERVILLETAS DE PAPEL PALMAS CON DORADO X12 DSE021-2,3500
08161,SERVILLETAS DE PAPEL ROSA X 20 DSE097 RIVAS,3100
07768,SERVILLETAS SURTIDAS PASTEL DSE045 RIVAS,3600
10119,SERVILLETAS TRIANG. AMARILLO X 40 (CERVELLERA),3500
10126,SERVILLETAS TRIANG. AZUL X 40 (CERVELLERA).,3500
10096,SERVILLETAS TRIANG. CELESTE X 40 (CERVELLERA).,3500
10089,SERVILLETAS TRIANG. FUCSIA X 40 (CERVELLERA).,3500
10485,SERVILLETAS TRIANG. LILA X 40 (CERVELLERA).,3500
10478,SERVILLETAS TRIANG. NEGRA X 40 (CERVELLERA).,3500
10034,SERVILLETAS TRIANG. ROJO X 40 (CERVELLERA).,3500
10102,SERVILLETAS TRIANG. ROSA X 40 (CERVELLERA).,3500
10072,SERVILLETAS TRIANG. SALMON X 40 (CERVELLERA).,3500
01553,SERVILLETAS TRIANG. TURQUESA X 40 (CERVELLERA),3500
10447,SERVILLETAS TRIANG. VERDE MANZANA X 40 (CERVELLERA).,3500
10041,SERVILLETAS TRIANG. VERDE X 40 (CERVELLERA).,3500
42653,SORBETE CALAVERAS X 24 DSPP101 RIVAS,2000
32869,SORBETE CHEVRON CELESTE X25 DSPP094-RR RIVAS,1600
32920,SORBETE CHEVRON DORADO X 25UN DSPP054-RR RIVAS,2000
32906,SORBETE CHEVRON NEGRO X25 DSPP100-RR RIVAS,1600
32944,SORBETE CHEVRON PLATEADO X25 DSPP0555-RR RIVAS,2000
32845,SORBETE CHEVRON ROSA X25 DSPP095-RR RIVAS,1600
08024,SORBETE DE PAPEL PLATEADOS X24 DSPP055,2500
07775,SORBETE DE POLIPAPEL COLOR PASTEL SURTIDO X24 DSPP045,2500
08109,SORBETE DE POLIPAPEL FLUO X24 DSPP070,2500
05252,SORBETE DE POLIPAPEL IRIDISCENTE AQUA X24 DSPP089,2500
05269,SORBETE DE POLIPAPEL IRIDISCENTE ROSA X24 DSPP090,2500
06242,SORBETE DE POLIPAPEL MULTICOLOR X24 DSPP011,2500
35740,SORBETE PAPEL METALIZADOS X 25,2000
13338,SORBETE PAPEL X 10 JOTABE,500
70635,SORBETE PAPEL X 25,2000
60225,SORBETE POLIPAPEL LUNARES METALIZADO X 25,2500
58055,SORBETE POLIPAPEL RAYAS Y LUNARES CELESTE X 24 DSPP003 RIVAS,2500
94404,SORBETE POLIPAPEL ZIG ZAG MOLINETE X 12,3000
07829,SORBETES DE PAPEL BLANCO IRIDISCENTES X24 DSPP050,2500
07980,SORBETES DE PAPEL DORADOS X24 DSPP054,2500
05245,SORBETES GOLD ROSE X24 DSPP088 RIVAS,2500
33422,VASO DE POLIPAPEL BOO HALLOWEEN X 6 DVA020-2 RIVAS,1800
06334,VASO DE POLIPAPEL FOOTBALL X6 DVA012,2000
04800,VASO KRAFT X8 FESTCOPACK,2500
00801,VASO PLATEADO RIVAS DVA055 X6,2200
54174,VASO POLIPAPEL ARENA X 8 FESTCOPACK,2800
07942,VASO POLIPAPEL BLANCO CON LUNAR DORADO X 6 DVA053 RIVAS,2200
07904,VASO POLIPAPEL CELESTE C/LUNAR PLATEADO DVA052 X 6 RIVAS,2200
51715,VASO POLIPAPEL COMUNION X 8 FESTCOPACK,2500
6581,VASO POLIPAPEL CON BORDE METALIZADO X 1,280
53665,VASO POLIPAPEL CORAZONES X 8 FESTCOPACK,2500
07973,VASO POLIPAPEL DORADO X 6 DVA054,2200
04435,VASO POLIPAPEL ESCAMAS PLATA X8 FESTCOPACK,2600
08277,VASO POLIPAPEL LAMINADO ROSA X6 DVA097,1800
56987,VASO POLIPAPEL MARGARITA CUADRO X 8 FESTCOPACK,2500
07874,VASO POLIPAPEL ROSA C/LUNAR DORADOS DVA051 X 6 RIVAS,2200
31992,VASO POLIPAPEL ROSA GOLD 266CC X 6 DVA088-2 RIVAS,2200
54204,VASO POLIPAPEL VERDE MUSGO X 8 FESTCOPACK,2800
36140,VASO SACRAMENTO COMUNION X6 DVA036,2500
161,BANDEJA ALUMINIO B 5.,200
561,BANDEJA ALUMINIO OVALADA R 5,200
550,BANDEJA ALUMINIO R 2 / F 50,200
164,BANDEJA ALUMINIO R 3/ F75,200
3738,BANDEJA B65 RECTANGULAR (SAFED).,100
185M,BANDEJA PLAST. 103 X 20,3900
3948M,BANDEJA PLAST. 105 X 20.,5500
7060,BOLSITAS CELOFAN 10X15CM X 100 PARA HUEVO,1700
01093,CAJA CUCHARA SUNDAE BLANCA X 1000,27000
04117,CAJA VASO DEGUSTACION 125CC CRISTAL X 100,23000
4001PP,CAJA VASO TRAGO LARGO TRASLUCIDO PP X 250,49000
SHOT10,COMBO SHOT DEGUSTACION 50CC X10,4000
VASO500,COMBO VASO 500CC X60,8800
AMERICANO60,COMBO VASO AMERICANO ROJO/AZUL 500CC X50,15500
VASDEGU10,COMBO VASO DEGUSTACION 125CC X10,2900
8921,COPA CHAMP. CARINA CON BASE CR,500
565,COPA SUNDAE UNIVERSAL,400
6136,CUBIERTO X 10 TENEDOR CUCHILLO CUCHARA,100
32401,CUCHARA BAMBU 17CM X 25 PAS4 RIVAS,2300
32388,CUCHARA DE BAMBU 11CM X 25 PAS3 RIVAS,2000
9469,CUCHARA MADERA CHICA X 20,4000
06988,CUCHARA PLASTICA METALIZADA 17CM X 10 UN,3900
CUC50,Cucharas Descartables x 50,2600
16909,CUCHARAS METALIZADAS 10CM X 25,3500
2320,CUCHILLO DE COLOR X 50,200
24683,MANTEL DE PAPEL ALUMINIO METALIZADO 1.37 X 1.83MTS,2500
MAMA,MANTEL PLASTICO (1.20 X 1.80) AMARILLO (IMAGEN).,2800
MAZU,MANTEL PLASTICO (1.20 X 1.80) AZUL (IMAGEN).,2800
MBLA,MANTEL PLASTICO (1.20 X 1.80) BLANCO (IMAGEN)).,2800
MCEL,MANTEL PLASTICO (1.20 X 1.80) CELESTE (IMAGEN).,2800
MLIL,MANTEL PLASTICO (1.20 X 1.80) LILA (IMAGEN).,2800
MNAR,MANTEL PLASTICO (1.20 X 1.80) NARANJA (IMAGEN).,2800
MROJ,MANTEL PLASTICO (1.20 X 1.80) ROJO (IMAGEN).,2800
MROS,MANTEL PLASTICO (1.20 X 1.80) ROSA (IMAGEN).,2800
MVERCLARO,MANTEL PLASTICO (1.20 X 1.80) VERDE CLARO (IMAGEN),2800
MVEROSCURO,MANTEL PLASTICO (1.20 X 1.80) VERDE OSCURO (IMAGEN),2800
MNEG,MANTEL PLASTICO (1.80 X 1.20) NEGRO (IMAGEN),2800
8442,MANTEL PLASTICO AMARILLO OFERTA X 1,500
1291,MOLDE BUDIN HORNAL R4 1KG ALUMINIO,530
3613,MOLDE BUDIN HORNAL R8  X 1/2 KG.,220
8333,MOLDE PAN DULCE ALUMINIO HORNAL 1/4KG,200
1357,PALITO HELADO X 50,2500
8115,PALITO PARA CHUPETIN X 100 GRS PATRIMAR,3500
79633,PALITO PARA HELADO DE COLORES X 50 HPCO,2500
32241,PINCHES COCKTAIL SOMBRILLA X 12 PC011-2 RIVAS,2500
01857,PINCHO ACRILICO 14.5CM X 12 LOWCOST,2000
13356,PINCHOS PARA CATERING DOBLE X 100 PIC09 RIVAS,1800
13363,PINCHOS PARA CATERING X 100 PIC10 RIVAS,2600
8523,PLATO BLONDA DE 24 CM,1400
1546,PLATO BLONDA DE 27 CM.,1800
1549,PLATO BLONDA DE 30 CM.,2200
2711,PLATO BLONDA DE 33 CM.,3200
2712,PLATO BLONDA DE 36 CM,4200
1553,PLATO BLONDA DE 39 CM,6500
1545,PLATO BLONDA X 1 KG.,2300
02038,PLATO BLONDA X 1/2 KG,1300
700157,PLATO BLONDA X 1/4 KG BUDINERA,1200
1547,PLATO BLONDA X 2KG,3500
1548,PLATO BLONDA X 3 KG.,5500
01573,PLATO BLONDA X 5 KG.,9500
P17VERP,PLATO P17 VERDE PASTEL X50,9100
P17AMA,PLATOS P17 AMARILLO X 50 (POLIREC).,9100
P17AZU,PLATOS P17 AZUL X 50 (POLIREC).,9100
P17BLA,PLATOS P17 BLANCO X 50 (POLIREC).,6800
P17CEL,Platos P17 celeste x 50 (Polirec).,9100
P17LIL,PLATOS P17 LILA X 50 (POLIREC).,9100
P17NAR,PLATOS P17 NARANJA X 50 (POLIREC).,9100
P17NEG,PLATOS P17 NEGRO X50 (POLIREC),9100
P17ROJ,PLATOS P17 ROJO X 50 (POLIREC).,9100
P17ROS,Platos P17 rosa x 50 (Polirec).,9100
P17VER,PLATOS P17 VERDE X 50 (POLIREC).,9100
4128,PLATOS P22 BLANCO X 25 (POLIREC).,9500
20361,SET X5 SORBETES DE ACERO (22036) (22034),1000
9887,SHOT DEGUSTACION 50 CC,450
50344,SORBETE CON CORAZON COLORES X6,1600
8527,SORBETE EXTRA LARGO X 30,200
41661,SORBETE/PAJITAS FLEXIBLES FLUO X 80,4500
41662,SORBETES MULTIUSO NEGRO X40 22CM,4500
22549,SORBETES SET X3 ACERO (22254),1000
1684,TARTERA ALUMINIO P17,100
1963,TARTERA ALUMINIO P20/21,200
3338,VASO 180 CC X UN COLOR SURTIDO (POLIREC).,200
9639,VASO 500 CC 1/2 LITRO X 1,150
3978,VASO AMERICANO ROJO/AZUL 500CC X UN,350
7749,VASO CON LUNARES,50
9028,VASO CON TAPA Y SORBETE 400CC X 1 ECONOMICO,1500
06654,VASO CONICO FLEXIBLE DE COLORES 180CC X 15 UNI,6100
7712,VASO DEGUSTACION CRISTAL 125CC,350
40949,VASO PETIT DEGUSTACION CUADRADO X 1,560
1669,VASO PLASTICO TRAGO LARGO COLOR X 10 300CC,3200
6204,VASO PP TRAGO BAR FACETADO 320 CC,1000
890,VASO TERMICO 180 CC X 25,2900
9060,VASO TOLEDO BATIDO,1100
VASOPP,VASO TRAGO LARGO P.P X 10,2800
6493,VASO TRANSPARENTE GLITER CON TAPA Y SORBETE X 1,1700
9419,BLONDA BORDADA BLANCA CON LUNAR/COLOR PLENO 13 CM X 100,3500
8556,BLONDA BORDADA BLANCA REDONDA 13CM X 100,2600
9595,BLONDA BORDADA BLANCA REDONDA 15CM X 100,3700
909,BLONDA BORDADA BLANCA REDONDA 28 CMS X 100 OFERTA,8600
00028,BLONDA BORDADAS REDONDA 28CM X 10 UNID,2700
00032,BLONDA BORDADAS REDONDA 32CM X 10 UNID.,3300
00036,BLONDA BORDADAS REDONDA 36CM X 10 UNID.,3800
00040,BLONDA BORDADAS REDONDA 40CM X 10 UNID.,4500
9166,BLONDA CORAZON BLANCA 10 CM X 100 UNID,2600
9134,BLONDA CORAZON BLANCA 15 CM X 100 UNID,4600
00020,BLONDA CORAZON BLANCA 20 CM X 100 UNID,6800
27759,BLONDA CORAZON BLANCA 25CM X 12UNI DBLCA25BL RIVAS,1800
9467,BLONDA CORAZON COLOR 10CM X 100,2800
9468,BLONDA CORAZON COLOR 15CM X 100,5400
27551,"BLONDA CORAZON PLATEADA 15,2CM X 12UNI DBLOCO15PL RIVAS",2500
01313,BLONDA CUADRADA 13X13 BLANCA Y COLOR PLENO X100,3900
00909,BLONDA CUADRADA 9X9 CHICA X100,1700
9597,BLONDA POSA VASO 10CM COLOR PLENO X 100,2500
2834,BLONDA POSAVASO BLANCA 9/10 CM. X 100.,1900
9783,BEBE CELESTE CON GLOBOS EN MANTA 19265A,3500
8818,BEBE CELESTE CON PIJAMA DE OSO ART 19054 APOS,6500
9246,BEBE CON GORRO PARADO CELESTE GT011635B APOS,7900
9245,BEBE GORRO PARADO ROSA TG011635G APOS,7900
9582,BEBE PARADO CELESTE CON MAMDERA TG019504B APOS,9500
9786,BEBE PARADO ROSA 19052 B  APOS,9500
9583,BEBE PARADO ROSA CON MAMADERA TG019504A APOS,9500
8624C,BEBE SENTADO CON PELUCHE CELESTE C544 APOS,3000
8888,BEBE SENTADO CON VISER Y CHUPETE GRANDE ALJ10B879B APOS,5500
9774,BEBE SENTADO EN CABALLO CELESTE APOS TG019507 A,3600
45305,MAMADERA MINI CELESTE / ROSA,100
8367,SOUVENIR BEBE ACOSTADO CELESTE APOS 997,2600
7393C,SOUVENIRS BEBE ACOSTADO CELESTE CON ALMOHADA 658B BRILLITO,1800
7393R,SOUVENIRS BEBE ROSA EN ALMOHADA 658 BRILLITO,1800
6431,PAREJA DE NOVIOS A CABALLO TG017934 APOS,23000
8266,PAREJA DE PALOMAS X 1 21329GR APOS,1300
6602,PAREJA NOVIOS MINI TG004291 APOS,2200
9462,PAREJA NOVIOS MURO 16669 APOS,8500
5537,PAREJA NOVIOS NOVIA SENTADA TG015037 APOS,8500
01580,INVITACION 15 AÑOS GIRATORIA BOLICHERA X 10,400
8209,INVITACION 18 AÑOS AZUL CON GUITARRA X 10 1028 MOMENTOS,400
9615,INVITACION BODA X 10 MOMENTOS,400
9936,INVITACION BABY SHOWER/BAUTISMO CEL/ROSA X 10 MOMENTOS,300
9298,INVITACION BAUTISMO ROSA MOMENTOS 7510,200
42201,POSTER BABY SHOWER/BAUTISMO CELESTE TRIES PRIMUS,200
42200,POSTER BABY SHOWER/BAUTISMO ROSA TRIES PRIMUS,200
018401,POSTER CHUPETE/LECHUZA PRIMER AÑITO CELESTE 18401 PRIMUS/TRS,200
53764,BANDERIN F/CUMPLE X1 CARPINCHO FEST COPACK,2500
53856,"GLOBO PREMIUM 12"" X6 CARPINCHOS",3600
54082,MANTEL CARPINCHO X 1 FESTCOPACK,6500
54099,PIÑATA CARTON CARPINCHO X 1 FESTCOPACAK,4200
53719,PLATOS CARTON FESTCOPACK X8 CARPINCHO,2500
53726,SERVILLETA PREMIUM X20 CARPINCHO,2400
53757,STICKER CARPINCHO X24,1500
53733,VASO POLIPAPEL X8 CARPINCHO,2000
8267,ANGEL MUJ/VAR ARRODILLADO ALAS CON LUZ BLANCO 25B59 APOS,14500
6044,ANGEL MUJER CON LUZ REZANDO ROSA SOBRE NUBE 25C369KG APOS,9500
7708,ANGEL MUJER PARADA REZANDO CON PALOMA ROSA 25C546K-G APOS,6500
7586,ANGEL PARADO REZANDO CON LUZ CEL/BLAN 25C336K-B-WB APOS,14500
8754,ANGEL SENTADO VARON BLANCO 25B172WB APOS,11900
8993,ANGEL VARON ARRODILLADO BLANCO CON LUZ 25C07WB APOS,14500
9584,ANGEL VARON SENTADO CON PLUMA CHICO,4500
3635,ANGELITO ARRODILLADO BLANCO NENA/VARON 25C328-WG-WB APOS,2500
9403,NIÑA ARRODILLADA EN ALTAR TG019466B/019467B APOS,7500
6068,NIÑA PARADA COMUNION 12CM APOS TG018561A,5900
8192,NIÑA PARADA CON JESUS GRANDE BLANCO 12889B,15500
7822,NIÑA PARADA REZANDO CON JESUS 12834B MEDIANO CON ROJO APOS,11500
7410,NIÑA/MUJER COMUNION CON JESUS ARRODILLAO 12880A APOS,10500
9402,NIÑO ARRODILLADO EN ALTAR TG019466A/019467A  APOS,8500
8919,NIÑO PARADO COMUNION 12CM APOS TG018561B,6500
7823,NIÑO PARADO REZANDO CON JESUS 12834A MEDIANO CON ROJO APOS,11500
9449,ROSARIO DE HILO X 1 FEMINIX,700
3485,SOUVENIR  BRILLITO VARIOS MODELOS,200
8342,SOUVENIRS COMUNION OFERTA X 1,1000
8187,VARON/NIÑO CON JESUS ARRODILLADO 12880 B APOS,10500
298,BRUJA PATAS COLGANDO 34-21401,2900
73384,DESTAPADOR NAIPE DE METAL X 1,300
6652,IMAN MASCAR VENECIANA X 1,1600
8913,ROSARIO/DENARIO VARIOS X 1 FEMINIX,1500
1233,SOUVENIR MUÑECA 15 CON CORONITA,700
1134,SOUVENIR PLAST. CISNE OSTRA  BOTELLA CALIZ CANASTA MAMADERA,100
1274,SOUVENIR PLAST.OSTRA GRANDE,300
8554,TARJETA SOUVENIR BAUT/BODA/15/COMUN VARIOS OFERTA X 10,1500
06453,MANTEL MINIONS X 1 OTERO,7900
52057,MANTEL MOANA X 1 OTERO,6300
52132,STICKER MOANA X 24 OTERO,1600
52408,MANTEL MARGARITA X 1 OTERO,4900
52392,PIÑATA DE CARTON MARGARITA X 1 OTERO,5100
8274,CARETA FRUTILLA/PIRATA ECONOMICA X1,800
TARJ,TARJETAS,0.10
1,VARIOS,0
8237,BANDERIN PLASTICO PERSONAJE MINNIE/POKEMON OFERTA,100
8239,POLLERA HAWAI PLASTICA COLOR ECONOMICA (IMAGEN),1000
